[
{
    "model": "admin.logentry",
    "pk": 1,
    "fields": {
        "action_time": "2023-02-28T20:15:31.552Z",
        "user": 1,
        "content_type": 8,
        "object_id": "1",
        "object_repr": "MainImage object (1)",
        "action_flag": 1,
        "change_message": "[{\"added\": {}}]"
    }
},
{
    "model": "admin.logentry",
    "pk": 2,
    "fields": {
        "action_time": "2023-02-28T20:16:12.426Z",
        "user": 1,
        "content_type": 8,
        "object_id": "2",
        "object_repr": "2",
        "action_flag": 1,
        "change_message": "[{\"added\": {}}]"
    }
},
{
    "model": "admin.logentry",
    "pk": 3,
    "fields": {
        "action_time": "2023-02-28T20:16:16.365Z",
        "user": 1,
        "content_type": 8,
        "object_id": "3",
        "object_repr": "3",
        "action_flag": 1,
        "change_message": "[{\"added\": {}}]"
    }
},
{
    "model": "admin.logentry",
    "pk": 4,
    "fields": {
        "action_time": "2023-02-28T20:16:21.035Z",
        "user": 1,
        "content_type": 8,
        "object_id": "4",
        "object_repr": "4",
        "action_flag": 1,
        "change_message": "[{\"added\": {}}]"
    }
},
{
    "model": "admin.logentry",
    "pk": 5,
    "fields": {
        "action_time": "2023-02-28T20:16:24.175Z",
        "user": 1,
        "content_type": 8,
        "object_id": "5",
        "object_repr": "5",
        "action_flag": 1,
        "change_message": "[{\"added\": {}}]"
    }
},
{
    "model": "admin.logentry",
    "pk": 6,
    "fields": {
        "action_time": "2023-02-28T20:16:26.914Z",
        "user": 1,
        "content_type": 8,
        "object_id": "6",
        "object_repr": "6",
        "action_flag": 1,
        "change_message": "[{\"added\": {}}]"
    }
},
{
    "model": "admin.logentry",
    "pk": 7,
    "fields": {
        "action_time": "2023-02-28T20:16:30.162Z",
        "user": 1,
        "content_type": 8,
        "object_id": "7",
        "object_repr": "7",
        "action_flag": 1,
        "change_message": "[{\"added\": {}}]"
    }
},
{
    "model": "admin.logentry",
    "pk": 8,
    "fields": {
        "action_time": "2023-02-28T20:16:41.107Z",
        "user": 1,
        "content_type": 9,
        "object_id": "1",
        "object_repr": "1",
        "action_flag": 1,
        "change_message": "[{\"added\": {}}]"
    }
},
{
    "model": "admin.logentry",
    "pk": 9,
    "fields": {
        "action_time": "2023-02-28T20:16:54.066Z",
        "user": 1,
        "content_type": 10,
        "object_id": "1",
        "object_repr": "tag1",
        "action_flag": 1,
        "change_message": "[{\"added\": {}}]"
    }
},
{
    "model": "admin.logentry",
    "pk": 10,
    "fields": {
        "action_time": "2023-02-28T20:17:09.850Z",
        "user": 1,
        "content_type": 10,
        "object_id": "2",
        "object_repr": "tag2",
        "action_flag": 1,
        "change_message": "[{\"added\": {}}]"
    }
},
{
    "model": "admin.logentry",
    "pk": 11,
    "fields": {
        "action_time": "2023-02-28T20:17:14.125Z",
        "user": 1,
        "content_type": 10,
        "object_id": "3",
        "object_repr": "tag3",
        "action_flag": 1,
        "change_message": "[{\"added\": {}}]"
    }
},
{
    "model": "admin.logentry",
    "pk": 12,
    "fields": {
        "action_time": "2023-02-28T20:17:20.529Z",
        "user": 1,
        "content_type": 10,
        "object_id": "4",
        "object_repr": "tag4",
        "action_flag": 1,
        "change_message": "[{\"added\": {}}]"
    }
},
{
    "model": "admin.logentry",
    "pk": 13,
    "fields": {
        "action_time": "2023-02-28T20:17:24.107Z",
        "user": 1,
        "content_type": 10,
        "object_id": "5",
        "object_repr": "tag5",
        "action_flag": 1,
        "change_message": "[{\"added\": {}}]"
    }
},
{
    "model": "admin.logentry",
    "pk": 14,
    "fields": {
        "action_time": "2023-02-28T20:17:31.215Z",
        "user": 1,
        "content_type": 7,
        "object_id": "1",
        "object_repr": "cat1",
        "action_flag": 1,
        "change_message": "[{\"added\": {}}]"
    }
},
{
    "model": "admin.logentry",
    "pk": 15,
    "fields": {
        "action_time": "2023-02-28T20:17:36.482Z",
        "user": 1,
        "content_type": 7,
        "object_id": "2",
        "object_repr": "cat2",
        "action_flag": 1,
        "change_message": "[{\"added\": {}}]"
    }
},
{
    "model": "admin.logentry",
    "pk": 16,
    "fields": {
        "action_time": "2023-02-28T20:31:34.912Z",
        "user": 1,
        "content_type": 11,
        "object_id": "1",
        "object_repr": "чудо котик убий",
        "action_flag": 1,
        "change_message": "[{\"added\": {}}]"
    }
},
{
    "model": "admin.logentry",
    "pk": 17,
    "fields": {
        "action_time": "2023-03-02T10:56:09.957Z",
        "user": 1,
        "content_type": 11,
        "object_id": "2",
        "object_repr": "чайник",
        "action_flag": 1,
        "change_message": "[{\"added\": {}}, {\"added\": {\"name\": \"\\u0413\\u0430\\u043b\\u0435\\u0440\\u0435\\u044f\", \"object\": \"/media/uploads/gallery/hUFiORvnz5sn9BXfYgkpYvHtkt-genduRyAW6saYYtRZVJyASh4R0Xkiy0UHaQUKfpOfqK0b_H9vNigi.jpg\"}}]"
    }
},
{
    "model": "admin.logentry",
    "pk": 18,
    "fields": {
        "action_time": "2023-03-03T20:26:04.218Z",
        "user": 1,
        "content_type": 11,
        "object_id": "2",
        "object_repr": "чайник",
        "action_flag": 2,
        "change_message": "[{\"changed\": {\"fields\": [\"\\u0424\\u043e\\u0442\\u043e\"]}}, {\"added\": {\"name\": \"\\u0413\\u0430\\u043b\\u0435\\u0440\\u0435\\u044f\", \"object\": \"<bound method FileSystemStorage.url of <django.core.files.storage.FileSystemStorage object at 0x0000026069FAFB50>>\"}}]"
    }
},
{
    "model": "admin.logentry",
    "pk": 19,
    "fields": {
        "action_time": "2023-03-03T20:32:18.037Z",
        "user": 1,
        "content_type": 11,
        "object_id": "2",
        "object_repr": "чайник",
        "action_flag": 2,
        "change_message": "[{\"changed\": {\"fields\": [\"\\u0424\\u043e\\u0442\\u043e\"]}}]"
    }
},
{
    "model": "admin.logentry",
    "pk": 20,
    "fields": {
        "action_time": "2023-03-06T16:48:32.679Z",
        "user": 1,
        "content_type": 11,
        "object_id": "2",
        "object_repr": "чайник",
        "action_flag": 2,
        "change_message": "[{\"changed\": {\"fields\": [\"\\u041e\\u043f\\u0438\\u0441\\u0430\\u043d\\u0438\\u0435\"]}}]"
    }
},
{
    "model": "admin.logentry",
    "pk": 21,
    "fields": {
        "action_time": "2023-03-06T16:51:31.719Z",
        "user": 1,
        "content_type": 11,
        "object_id": "2",
        "object_repr": "чайник",
        "action_flag": 2,
        "change_message": "[{\"changed\": {\"fields\": [\"\\u041e\\u043f\\u0438\\u0441\\u0430\\u043d\\u0438\\u0435\"]}}]"
    }
},
{
    "model": "admin.logentry",
    "pk": 22,
    "fields": {
        "action_time": "2023-03-06T19:04:52.896Z",
        "user": 1,
        "content_type": 11,
        "object_id": "3",
        "object_repr": "редан",
        "action_flag": 1,
        "change_message": "[{\"added\": {}}, {\"added\": {\"name\": \"\\u0413\\u0430\\u043b\\u0435\\u0440\\u0435\\u044f\", \"object\": \"/media/uploads/catalog/items_gallery/9c49073b-45a7-4ab0-9574-b0cd56e884d1.gif\"}}]"
    }
},
{
    "model": "admin.logentry",
    "pk": 23,
    "fields": {
        "action_time": "2023-03-08T14:31:51.400Z",
        "user": 1,
        "content_type": 7,
        "object_id": "2",
        "object_repr": "Котята",
        "action_flag": 2,
        "change_message": "[{\"changed\": {\"fields\": [\"\\u041d\\u0430\\u0437\\u0432\\u0430\\u043d\\u0438\\u0435\", \"\\u0423\\u043d\\u0438\\u043a\\u0430\\u043b\\u044c\\u043d\\u044b\\u0439 \\u0430\\u0440\\u0442\\u0438\\u043a\\u0443\\u043b\"]}}]"
    }
},
{
    "model": "admin.logentry",
    "pk": 24,
    "fields": {
        "action_time": "2023-03-08T14:32:00.773Z",
        "user": 1,
        "content_type": 7,
        "object_id": "1",
        "object_repr": "Основные",
        "action_flag": 2,
        "change_message": "[{\"changed\": {\"fields\": [\"\\u041d\\u0430\\u0437\\u0432\\u0430\\u043d\\u0438\\u0435\"]}}]"
    }
},
{
    "model": "admin.logentry",
    "pk": 25,
    "fields": {
        "action_time": "2023-03-08T14:32:11.207Z",
        "user": 1,
        "content_type": 10,
        "object_id": "5",
        "object_repr": "Прекрасный",
        "action_flag": 2,
        "change_message": "[{\"changed\": {\"fields\": [\"\\u041d\\u0430\\u0437\\u0432\\u0430\\u043d\\u0438\\u0435\"]}}]"
    }
},
{
    "model": "admin.logentry",
    "pk": 26,
    "fields": {
        "action_time": "2023-03-08T14:32:19.881Z",
        "user": 1,
        "content_type": 10,
        "object_id": "4",
        "object_repr": "Акция",
        "action_flag": 2,
        "change_message": "[{\"changed\": {\"fields\": [\"\\u041d\\u0430\\u0437\\u0432\\u0430\\u043d\\u0438\\u0435\"]}}]"
    }
},
{
    "model": "admin.logentry",
    "pk": 27,
    "fields": {
        "action_time": "2023-03-08T14:32:35.731Z",
        "user": 1,
        "content_type": 10,
        "object_id": "3",
        "object_repr": "Новогодний подарок",
        "action_flag": 2,
        "change_message": "[{\"changed\": {\"fields\": [\"\\u041d\\u0430\\u0437\\u0432\\u0430\\u043d\\u0438\\u0435\"]}}]"
    }
},
{
    "model": "admin.logentry",
    "pk": 28,
    "fields": {
        "action_time": "2023-03-08T14:32:47.124Z",
        "user": 1,
        "content_type": 10,
        "object_id": "2",
        "object_repr": "Горячо",
        "action_flag": 2,
        "change_message": "[{\"changed\": {\"fields\": [\"\\u041d\\u0430\\u0437\\u0432\\u0430\\u043d\\u0438\\u0435\"]}}]"
    }
},
{
    "model": "admin.logentry",
    "pk": 29,
    "fields": {
        "action_time": "2023-03-08T14:32:55.147Z",
        "user": 1,
        "content_type": 10,
        "object_id": "1",
        "object_repr": "Популярное",
        "action_flag": 2,
        "change_message": "[{\"changed\": {\"fields\": [\"\\u041d\\u0430\\u0437\\u0432\\u0430\\u043d\\u0438\\u0435\"]}}]"
    }
},
{
    "model": "admin.logentry",
    "pk": 30,
    "fields": {
        "action_time": "2023-03-08T14:33:59.745Z",
        "user": 1,
        "content_type": 11,
        "object_id": "3",
        "object_repr": "3 редан",
        "action_flag": 2,
        "change_message": "[{\"changed\": {\"fields\": [\"\\u0422\\u044d\\u0433\\u0438\"]}}]"
    }
},
{
    "model": "admin.logentry",
    "pk": 31,
    "fields": {
        "action_time": "2023-03-08T14:34:14.776Z",
        "user": 1,
        "content_type": 11,
        "object_id": "2",
        "object_repr": "2 чайник",
        "action_flag": 2,
        "change_message": "[{\"changed\": {\"fields\": [\"\\u041a\\u0430\\u0442\\u0435\\u0433\\u043e\\u0440\\u0438\\u044f\", \"\\u0422\\u044d\\u0433\\u0438\"]}}]"
    }
},
{
    "model": "admin.logentry",
    "pk": 32,
    "fields": {
        "action_time": "2023-03-08T15:23:49.665Z",
        "user": 1,
        "content_type": 10,
        "object_id": "6",
        "object_repr": "злой",
        "action_flag": 1,
        "change_message": "[{\"added\": {}}]"
    }
},
{
    "model": "admin.logentry",
    "pk": 33,
    "fields": {
        "action_time": "2023-03-08T15:25:27.509Z",
        "user": 1,
        "content_type": 11,
        "object_id": "4",
        "object_repr": "4 котик",
        "action_flag": 1,
        "change_message": "[{\"added\": {}}]"
    }
},
{
    "model": "admin.logentry",
    "pk": 34,
    "fields": {
        "action_time": "2023-03-08T15:27:00.691Z",
        "user": 1,
        "content_type": 11,
        "object_id": "5",
        "object_repr": "5 котёнок кузя",
        "action_flag": 1,
        "change_message": "[{\"added\": {}}]"
    }
},
{
    "model": "admin.logentry",
    "pk": 35,
    "fields": {
        "action_time": "2023-03-08T15:29:02.629Z",
        "user": 1,
        "content_type": 11,
        "object_id": "6",
        "object_repr": "6 черныш",
        "action_flag": 1,
        "change_message": "[{\"added\": {}}]"
    }
},
{
    "model": "admin.logentry",
    "pk": 36,
    "fields": {
        "action_time": "2023-03-09T16:47:29.906Z",
        "user": 1,
        "content_type": 11,
        "object_id": "7",
        "object_repr": "7 любитель пуджа",
        "action_flag": 1,
        "change_message": "[{\"added\": {}}]"
    }
},
{
    "model": "admin.logentry",
    "pk": 37,
    "fields": {
        "action_time": "2023-03-10T18:54:45.054Z",
        "user": 1,
        "content_type": 11,
        "object_id": "8",
        "object_repr": "8 пятница",
        "action_flag": 1,
        "change_message": "[{\"added\": {}}]"
    }
},
{
    "model": "admin.logentry",
    "pk": 38,
    "fields": {
        "action_time": "2023-03-10T18:55:48.333Z",
        "user": 1,
        "content_type": 11,
        "object_id": "8",
        "object_repr": "8 пятница",
        "action_flag": 2,
        "change_message": "[{\"changed\": {\"fields\": [\"\\u041e\\u043f\\u0438\\u0441\\u0430\\u043d\\u0438\\u0435\"]}}]"
    }
},
{
    "model": "admin.logentry",
    "pk": 39,
    "fields": {
        "action_time": "2023-03-21T12:28:31.477Z",
        "user": 1,
        "content_type": 4,
        "object_id": "1",
        "object_repr": "Senya.borodulin@mail.ru",
        "action_flag": 2,
        "change_message": "[{\"changed\": {\"fields\": [\"Username\", \"First name\", \"Last name\", \"Email address\"]}}]"
    }
},
{
    "model": "admin.logentry",
    "pk": 40,
    "fields": {
        "action_time": "2023-03-21T13:42:19.749Z",
        "user": 1,
        "content_type": 4,
        "object_id": "1",
        "object_repr": "senyaborodulin",
        "action_flag": 2,
        "change_message": "[{\"added\": {\"name\": \"\\u0414\\u043e\\u043f\\u043e\\u043b\\u043d\\u0438\\u0442\\u0435\\u043b\\u044c\\u043d\\u043e\\u0435 \\u043f\\u043e\\u043b\\u0435\", \"object\": \"senyaborod\"}}]"
    }
},
{
    "model": "auth.permission",
    "pk": 1,
    "fields": {
        "name": "Can add log entry",
        "content_type": 1,
        "codename": "add_logentry"
    }
},
{
    "model": "auth.permission",
    "pk": 2,
    "fields": {
        "name": "Can change log entry",
        "content_type": 1,
        "codename": "change_logentry"
    }
},
{
    "model": "auth.permission",
    "pk": 3,
    "fields": {
        "name": "Can delete log entry",
        "content_type": 1,
        "codename": "delete_logentry"
    }
},
{
    "model": "auth.permission",
    "pk": 4,
    "fields": {
        "name": "Can view log entry",
        "content_type": 1,
        "codename": "view_logentry"
    }
},
{
    "model": "auth.permission",
    "pk": 5,
    "fields": {
        "name": "Can add permission",
        "content_type": 2,
        "codename": "add_permission"
    }
},
{
    "model": "auth.permission",
    "pk": 6,
    "fields": {
        "name": "Can change permission",
        "content_type": 2,
        "codename": "change_permission"
    }
},
{
    "model": "auth.permission",
    "pk": 7,
    "fields": {
        "name": "Can delete permission",
        "content_type": 2,
        "codename": "delete_permission"
    }
},
{
    "model": "auth.permission",
    "pk": 8,
    "fields": {
        "name": "Can view permission",
        "content_type": 2,
        "codename": "view_permission"
    }
},
{
    "model": "auth.permission",
    "pk": 9,
    "fields": {
        "name": "Can add group",
        "content_type": 3,
        "codename": "add_group"
    }
},
{
    "model": "auth.permission",
    "pk": 10,
    "fields": {
        "name": "Can change group",
        "content_type": 3,
        "codename": "change_group"
    }
},
{
    "model": "auth.permission",
    "pk": 11,
    "fields": {
        "name": "Can delete group",
        "content_type": 3,
        "codename": "delete_group"
    }
},
{
    "model": "auth.permission",
    "pk": 12,
    "fields": {
        "name": "Can view group",
        "content_type": 3,
        "codename": "view_group"
    }
},
{
    "model": "auth.permission",
    "pk": 13,
    "fields": {
        "name": "Can add user",
        "content_type": 4,
        "codename": "add_user"
    }
},
{
    "model": "auth.permission",
    "pk": 14,
    "fields": {
        "name": "Can change user",
        "content_type": 4,
        "codename": "change_user"
    }
},
{
    "model": "auth.permission",
    "pk": 15,
    "fields": {
        "name": "Can delete user",
        "content_type": 4,
        "codename": "delete_user"
    }
},
{
    "model": "auth.permission",
    "pk": 16,
    "fields": {
        "name": "Can view user",
        "content_type": 4,
        "codename": "view_user"
    }
},
{
    "model": "auth.permission",
    "pk": 17,
    "fields": {
        "name": "Can add content type",
        "content_type": 5,
        "codename": "add_contenttype"
    }
},
{
    "model": "auth.permission",
    "pk": 18,
    "fields": {
        "name": "Can change content type",
        "content_type": 5,
        "codename": "change_contenttype"
    }
},
{
    "model": "auth.permission",
    "pk": 19,
    "fields": {
        "name": "Can delete content type",
        "content_type": 5,
        "codename": "delete_contenttype"
    }
},
{
    "model": "auth.permission",
    "pk": 20,
    "fields": {
        "name": "Can view content type",
        "content_type": 5,
        "codename": "view_contenttype"
    }
},
{
    "model": "auth.permission",
    "pk": 21,
    "fields": {
        "name": "Can add session",
        "content_type": 6,
        "codename": "add_session"
    }
},
{
    "model": "auth.permission",
    "pk": 22,
    "fields": {
        "name": "Can change session",
        "content_type": 6,
        "codename": "change_session"
    }
},
{
    "model": "auth.permission",
    "pk": 23,
    "fields": {
        "name": "Can delete session",
        "content_type": 6,
        "codename": "delete_session"
    }
},
{
    "model": "auth.permission",
    "pk": 24,
    "fields": {
        "name": "Can view session",
        "content_type": 6,
        "codename": "view_session"
    }
},
{
    "model": "auth.permission",
    "pk": 25,
    "fields": {
        "name": "Can add категория",
        "content_type": 7,
        "codename": "add_category"
    }
},
{
    "model": "auth.permission",
    "pk": 26,
    "fields": {
        "name": "Can change категория",
        "content_type": 7,
        "codename": "change_category"
    }
},
{
    "model": "auth.permission",
    "pk": 27,
    "fields": {
        "name": "Can delete категория",
        "content_type": 7,
        "codename": "delete_category"
    }
},
{
    "model": "auth.permission",
    "pk": 28,
    "fields": {
        "name": "Can view категория",
        "content_type": 7,
        "codename": "view_category"
    }
},
{
    "model": "auth.permission",
    "pk": 29,
    "fields": {
        "name": "Can add Главное изображение",
        "content_type": 8,
        "codename": "add_mainimage"
    }
},
{
    "model": "auth.permission",
    "pk": 30,
    "fields": {
        "name": "Can change Главное изображение",
        "content_type": 8,
        "codename": "change_mainimage"
    }
},
{
    "model": "auth.permission",
    "pk": 31,
    "fields": {
        "name": "Can delete Главное изображение",
        "content_type": 8,
        "codename": "delete_mainimage"
    }
},
{
    "model": "auth.permission",
    "pk": 32,
    "fields": {
        "name": "Can view Главное изображение",
        "content_type": 8,
        "codename": "view_mainimage"
    }
},
{
    "model": "auth.permission",
    "pk": 33,
    "fields": {
        "name": "Can add Галерея",
        "content_type": 9,
        "codename": "add_photogallery"
    }
},
{
    "model": "auth.permission",
    "pk": 34,
    "fields": {
        "name": "Can change Галерея",
        "content_type": 9,
        "codename": "change_photogallery"
    }
},
{
    "model": "auth.permission",
    "pk": 35,
    "fields": {
        "name": "Can delete Галерея",
        "content_type": 9,
        "codename": "delete_photogallery"
    }
},
{
    "model": "auth.permission",
    "pk": 36,
    "fields": {
        "name": "Can view Галерея",
        "content_type": 9,
        "codename": "view_photogallery"
    }
},
{
    "model": "auth.permission",
    "pk": 37,
    "fields": {
        "name": "Can add тэг",
        "content_type": 10,
        "codename": "add_tag"
    }
},
{
    "model": "auth.permission",
    "pk": 38,
    "fields": {
        "name": "Can change тэг",
        "content_type": 10,
        "codename": "change_tag"
    }
},
{
    "model": "auth.permission",
    "pk": 39,
    "fields": {
        "name": "Can delete тэг",
        "content_type": 10,
        "codename": "delete_tag"
    }
},
{
    "model": "auth.permission",
    "pk": 40,
    "fields": {
        "name": "Can view тэг",
        "content_type": 10,
        "codename": "view_tag"
    }
},
{
    "model": "auth.permission",
    "pk": 41,
    "fields": {
        "name": "Can add товар",
        "content_type": 11,
        "codename": "add_item"
    }
},
{
    "model": "auth.permission",
    "pk": 42,
    "fields": {
        "name": "Can change товар",
        "content_type": 11,
        "codename": "change_item"
    }
},
{
    "model": "auth.permission",
    "pk": 43,
    "fields": {
        "name": "Can delete товар",
        "content_type": 11,
        "codename": "delete_item"
    }
},
{
    "model": "auth.permission",
    "pk": 44,
    "fields": {
        "name": "Can view товар",
        "content_type": 11,
        "codename": "view_item"
    }
},
{
    "model": "auth.permission",
    "pk": 45,
    "fields": {
        "name": "Can add kv store",
        "content_type": 12,
        "codename": "add_kvstore"
    }
},
{
    "model": "auth.permission",
    "pk": 46,
    "fields": {
        "name": "Can change kv store",
        "content_type": 12,
        "codename": "change_kvstore"
    }
},
{
    "model": "auth.permission",
    "pk": 47,
    "fields": {
        "name": "Can delete kv store",
        "content_type": 12,
        "codename": "delete_kvstore"
    }
},
{
    "model": "auth.permission",
    "pk": 48,
    "fields": {
        "name": "Can view kv store",
        "content_type": 12,
        "codename": "view_kvstore"
    }
},
{
    "model": "auth.permission",
    "pk": 49,
    "fields": {
        "name": "Can add feedback",
        "content_type": 13,
        "codename": "add_feedback"
    }
},
{
    "model": "auth.permission",
    "pk": 50,
    "fields": {
        "name": "Can change feedback",
        "content_type": 13,
        "codename": "change_feedback"
    }
},
{
    "model": "auth.permission",
    "pk": 51,
    "fields": {
        "name": "Can delete feedback",
        "content_type": 13,
        "codename": "delete_feedback"
    }
},
{
    "model": "auth.permission",
    "pk": 52,
    "fields": {
        "name": "Can view feedback",
        "content_type": 13,
        "codename": "view_feedback"
    }
},
{
    "model": "auth.permission",
    "pk": 53,
    "fields": {
        "name": "Can add sender",
        "content_type": 14,
        "codename": "add_sender"
    }
},
{
    "model": "auth.permission",
    "pk": 54,
    "fields": {
        "name": "Can change sender",
        "content_type": 14,
        "codename": "change_sender"
    }
},
{
    "model": "auth.permission",
    "pk": 55,
    "fields": {
        "name": "Can delete sender",
        "content_type": 14,
        "codename": "delete_sender"
    }
},
{
    "model": "auth.permission",
    "pk": 56,
    "fields": {
        "name": "Can view sender",
        "content_type": 14,
        "codename": "view_sender"
    }
},
{
    "model": "auth.permission",
    "pk": 57,
    "fields": {
        "name": "Can add feedback files",
        "content_type": 15,
        "codename": "add_feedbackfiles"
    }
},
{
    "model": "auth.permission",
    "pk": 58,
    "fields": {
        "name": "Can change feedback files",
        "content_type": 15,
        "codename": "change_feedbackfiles"
    }
},
{
    "model": "auth.permission",
    "pk": 59,
    "fields": {
        "name": "Can delete feedback files",
        "content_type": 15,
        "codename": "delete_feedbackfiles"
    }
},
{
    "model": "auth.permission",
    "pk": 60,
    "fields": {
        "name": "Can view feedback files",
        "content_type": 15,
        "codename": "view_feedbackfiles"
    }
},
{
    "model": "auth.permission",
    "pk": 61,
    "fields": {
        "name": "Can add Дополнительное поле",
        "content_type": 16,
        "codename": "add_profile"
    }
},
{
    "model": "auth.permission",
    "pk": 62,
    "fields": {
        "name": "Can change Дополнительное поле",
        "content_type": 16,
        "codename": "change_profile"
    }
},
{
    "model": "auth.permission",
    "pk": 63,
    "fields": {
        "name": "Can delete Дополнительное поле",
        "content_type": 16,
        "codename": "delete_profile"
    }
},
{
    "model": "auth.permission",
    "pk": 64,
    "fields": {
        "name": "Can view Дополнительное поле",
        "content_type": 16,
        "codename": "view_profile"
    }
},
{
    "model": "auth.permission",
    "pk": 65,
    "fields": {
        "name": "Can add user proxy",
        "content_type": 17,
        "codename": "add_userproxy"
    }
},
{
    "model": "auth.permission",
    "pk": 66,
    "fields": {
        "name": "Can change user proxy",
        "content_type": 17,
        "codename": "change_userproxy"
    }
},
{
    "model": "auth.permission",
    "pk": 67,
    "fields": {
        "name": "Can delete user proxy",
        "content_type": 17,
        "codename": "delete_userproxy"
    }
},
{
    "model": "auth.permission",
    "pk": 68,
    "fields": {
        "name": "Can view user proxy",
        "content_type": 17,
        "codename": "view_userproxy"
    }
},
{
    "model": "auth.permission",
    "pk": 69,
    "fields": {
        "name": "Can add activation token",
        "content_type": 18,
        "codename": "add_activationtoken"
    }
},
{
    "model": "auth.permission",
    "pk": 70,
    "fields": {
        "name": "Can change activation token",
        "content_type": 18,
        "codename": "change_activationtoken"
    }
},
{
    "model": "auth.permission",
    "pk": 71,
    "fields": {
        "name": "Can delete activation token",
        "content_type": 18,
        "codename": "delete_activationtoken"
    }
},
{
    "model": "auth.permission",
    "pk": 72,
    "fields": {
        "name": "Can view activation token",
        "content_type": 18,
        "codename": "view_activationtoken"
    }
},
{
    "model": "auth.permission",
    "pk": 73,
    "fields": {
        "name": "Can add Дополнительное поле",
        "content_type": 19,
        "codename": "add_profile"
    }
},
{
    "model": "auth.permission",
    "pk": 74,
    "fields": {
        "name": "Can change Дополнительное поле",
        "content_type": 19,
        "codename": "change_profile"
    }
},
{
    "model": "auth.permission",
    "pk": 75,
    "fields": {
        "name": "Can delete Дополнительное поле",
        "content_type": 19,
        "codename": "delete_profile"
    }
},
{
    "model": "auth.permission",
    "pk": 76,
    "fields": {
        "name": "Can view Дополнительное поле",
        "content_type": 19,
        "codename": "view_profile"
    }
},
{
    "model": "auth.permission",
    "pk": 77,
    "fields": {
        "name": "Can add activation token",
        "content_type": 20,
        "codename": "add_activationtoken"
    }
},
{
    "model": "auth.permission",
    "pk": 78,
    "fields": {
        "name": "Can change activation token",
        "content_type": 20,
        "codename": "change_activationtoken"
    }
},
{
    "model": "auth.permission",
    "pk": 79,
    "fields": {
        "name": "Can delete activation token",
        "content_type": 20,
        "codename": "delete_activationtoken"
    }
},
{
    "model": "auth.permission",
    "pk": 80,
    "fields": {
        "name": "Can view activation token",
        "content_type": 20,
        "codename": "view_activationtoken"
    }
},
{
    "model": "auth.permission",
    "pk": 81,
    "fields": {
        "name": "Can add user proxy",
        "content_type": 21,
        "codename": "add_userproxy"
    }
},
{
    "model": "auth.permission",
    "pk": 82,
    "fields": {
        "name": "Can change user proxy",
        "content_type": 21,
        "codename": "change_userproxy"
    }
},
{
    "model": "auth.permission",
    "pk": 83,
    "fields": {
        "name": "Can delete user proxy",
        "content_type": 21,
        "codename": "delete_userproxy"
    }
},
{
    "model": "auth.permission",
    "pk": 84,
    "fields": {
        "name": "Can view user proxy",
        "content_type": 21,
        "codename": "view_userproxy"
    }
},
{
    "model": "auth.permission",
    "pk": 85,
    "fields": {
        "name": "Can add activation token",
        "content_type": 22,
        "codename": "add_activationtoken"
    }
},
{
    "model": "auth.permission",
    "pk": 86,
    "fields": {
        "name": "Can change activation token",
        "content_type": 22,
        "codename": "change_activationtoken"
    }
},
{
    "model": "auth.permission",
    "pk": 87,
    "fields": {
        "name": "Can delete activation token",
        "content_type": 22,
        "codename": "delete_activationtoken"
    }
},
{
    "model": "auth.permission",
    "pk": 88,
    "fields": {
        "name": "Can view activation token",
        "content_type": 22,
        "codename": "view_activationtoken"
    }
},
{
    "model": "auth.permission",
    "pk": 89,
    "fields": {
        "name": "Can add Дополнительное поле",
        "content_type": 23,
        "codename": "add_profile"
    }
},
{
    "model": "auth.permission",
    "pk": 90,
    "fields": {
        "name": "Can change Дополнительное поле",
        "content_type": 23,
        "codename": "change_profile"
    }
},
{
    "model": "auth.permission",
    "pk": 91,
    "fields": {
        "name": "Can delete Дополнительное поле",
        "content_type": 23,
        "codename": "delete_profile"
    }
},
{
    "model": "auth.permission",
    "pk": 92,
    "fields": {
        "name": "Can view Дополнительное поле",
        "content_type": 23,
        "codename": "view_profile"
    }
},
{
    "model": "auth.permission",
    "pk": 93,
    "fields": {
        "name": "Can add user proxy",
        "content_type": 24,
        "codename": "add_userproxy"
    }
},
{
    "model": "auth.permission",
    "pk": 94,
    "fields": {
        "name": "Can change user proxy",
        "content_type": 24,
        "codename": "change_userproxy"
    }
},
{
    "model": "auth.permission",
    "pk": 95,
    "fields": {
        "name": "Can delete user proxy",
        "content_type": 24,
        "codename": "delete_userproxy"
    }
},
{
    "model": "auth.permission",
    "pk": 96,
    "fields": {
        "name": "Can view user proxy",
        "content_type": 24,
        "codename": "view_userproxy"
    }
},
{
    "model": "auth.user",
    "pk": 1,
    "fields": {
        "password": "pbkdf2_sha256$260000$PPHsATtBX0OAwjz4FlZ7gm$cPANtbsFSefZrkf6kyKtEUZEGtrBTSCPcBEgFd1YGCU=",
        "last_login": "2023-03-25T15:31:56.813Z",
        "is_superuser": true,
        "username": "senyaborodulin",
        "first_name": "Арсений",
        "last_name": "Бородулин",
        "email": "Senya.borodulin@mail.ru",
        "is_staff": true,
        "is_active": true,
        "date_joined": "2023-02-28T20:04:17Z",
        "groups": [],
        "user_permissions": []
    }
},
{
    "model": "auth.user",
    "pk": 2,
    "fields": {
        "password": "pbkdf2_sha256$260000$vLWN5uL7UDL9VR6AUuWLk5$wYi0Z7RbG+oxOkJWPT6jLv1i5V2YjQmm4it7OoX2hv8=",
        "last_login": null,
        "is_superuser": false,
        "username": "33213",
        "first_name": "",
        "last_name": "",
        "email": "321312@mail.ru",
        "is_staff": false,
        "is_active": false,
        "date_joined": "2023-03-22T12:48:05.320Z",
        "groups": [],
        "user_permissions": []
    }
},
{
    "model": "auth.user",
    "pk": 11,
    "fields": {
        "password": "pbkdf2_sha256$260000$vm2J7a2ElKHc1PjATKQmdy$OtQDwd26VsCrmaeojlETtB2yQQoOb3Kb/fbflCWmmsA=",
        "last_login": null,
        "is_superuser": false,
        "username": "senya4321",
        "first_name": "",
        "last_name": "",
        "email": "1@mail.ru",
        "is_staff": false,
        "is_active": false,
        "date_joined": "2023-03-22T13:15:57.337Z",
        "groups": [],
        "user_permissions": []
    }
},
{
    "model": "auth.user",
    "pk": 12,
    "fields": {
        "password": "pbkdf2_sha256$260000$a1jOtVJvRlGHe4h2dv88wa$6mNaCsOMafKuITzxLImsE24Ef1O9ShHsjkahFCsA678=",
        "last_login": null,
        "is_superuser": false,
        "username": "senyap",
        "first_name": "",
        "last_name": "",
        "email": "2@mail.ru",
        "is_staff": false,
        "is_active": false,
        "date_joined": "2023-03-22T13:20:28.857Z",
        "groups": [],
        "user_permissions": []
    }
},
{
    "model": "auth.user",
    "pk": 13,
    "fields": {
        "password": "pbkdf2_sha256$260000$iFfCd2Ar2D3luWaOsXkiIz$gXQbGjdgA8U69slH0FESfw5yBffNnBIakWyN7c2iTrc=",
        "last_login": null,
        "is_superuser": false,
        "username": "senyabor",
        "first_name": "",
        "last_name": "",
        "email": "4@mail.ru",
        "is_staff": false,
        "is_active": false,
        "date_joined": "2023-03-22T13:21:18.071Z",
        "groups": [],
        "user_permissions": []
    }
},
{
    "model": "auth.user",
    "pk": 14,
    "fields": {
        "password": "pbkdf2_sha256$260000$Q2FNEqA3GKw1fsQcpQr1Zs$HqRS5m+YEtwqoS8bLZvg7j4ZyicqENwbtLlNHMt4C54=",
        "last_login": null,
        "is_superuser": false,
        "username": "senyab",
        "first_name": "",
        "last_name": "",
        "email": "3@mail.ru",
        "is_staff": false,
        "is_active": false,
        "date_joined": "2023-03-22T13:21:44.080Z",
        "groups": [],
        "user_permissions": []
    }
},
{
    "model": "auth.user",
    "pk": 15,
    "fields": {
        "password": "pbkdf2_sha256$260000$i3xlYKpOlNJg2mwVayTjnl$RM6V7yPA9FFcEctJgPbWMgvyO4lKNlpkN1VwnWLJM2I=",
        "last_login": null,
        "is_superuser": false,
        "username": "deadg",
        "first_name": "",
        "last_name": "",
        "email": "5@mail.ru",
        "is_staff": false,
        "is_active": false,
        "date_joined": "2023-03-22T13:33:55.132Z",
        "groups": [],
        "user_permissions": []
    }
},
{
    "model": "auth.user",
    "pk": 16,
    "fields": {
        "password": "pbkdf2_sha256$260000$I9nKPvmdYe8ZOSuWBgmwaI$NqrOR9/OxKW7XegpYY6na4qZJr1342qLsDzunZzqqh0=",
        "last_login": null,
        "is_superuser": false,
        "username": "321312",
        "first_name": "",
        "last_name": "",
        "email": "6@mail.ru",
        "is_staff": false,
        "is_active": false,
        "date_joined": "2023-03-22T13:34:56.908Z",
        "groups": [],
        "user_permissions": []
    }
},
{
    "model": "auth.user",
    "pk": 17,
    "fields": {
        "password": "pbkdf2_sha256$260000$U14lxqN3t8L6b9F1ngVvH2$xuZ5nzYusc9PaRNmahiD46dAkoLUz6YNZL03UAJ4/k0=",
        "last_login": null,
        "is_superuser": false,
        "username": "3213121",
        "first_name": "",
        "last_name": "",
        "email": "7@mail.ru",
        "is_staff": false,
        "is_active": false,
        "date_joined": "2023-03-22T13:35:18.799Z",
        "groups": [],
        "user_permissions": []
    }
},
{
    "model": "auth.user",
    "pk": 18,
    "fields": {
        "password": "pbkdf2_sha256$260000$qGFl1uvE1BFRm9stMTqrdE$jnBsIdXFwdsPb/XoxSoiowVsIJDGDtiu2bxlW43Yvtg=",
        "last_login": null,
        "is_superuser": false,
        "username": "321312132131",
        "first_name": "",
        "last_name": "",
        "email": "8@mail.ru",
        "is_staff": false,
        "is_active": false,
        "date_joined": "2023-03-22T13:36:47.166Z",
        "groups": [],
        "user_permissions": []
    }
},
{
    "model": "auth.user",
    "pk": 19,
    "fields": {
        "password": "pbkdf2_sha256$260000$xsyhg7F3uUJtvhibreEzsq$UinU9w56ppXSzzYWTl03wENwE3YWe5T/DgShb744LxY=",
        "last_login": null,
        "is_superuser": false,
        "username": "3213121321311",
        "first_name": "",
        "last_name": "",
        "email": "9@mail.ru",
        "is_staff": false,
        "is_active": false,
        "date_joined": "2023-03-22T13:37:14.470Z",
        "groups": [],
        "user_permissions": []
    }
},
{
    "model": "auth.user",
    "pk": 20,
    "fields": {
        "password": "pbkdf2_sha256$260000$LibJ09YxqH8l3q3YLpflhP$vT729bwp427OIDEjbleKv2RT5itm0NiTHDA/O6LqizM=",
        "last_login": null,
        "is_superuser": false,
        "username": "32133211",
        "first_name": "",
        "last_name": "",
        "email": "10@mail.ru",
        "is_staff": false,
        "is_active": false,
        "date_joined": "2023-03-22T14:07:04.939Z",
        "groups": [],
        "user_permissions": []
    }
},
{
    "model": "auth.user",
    "pk": 21,
    "fields": {
        "password": "pbkdf2_sha256$260000$VUTbodwo85qaPbj2EUXwzS$G+zc/4DWTIbIrBH5V7Tw25SqUi6gEZggvknIAA9H4W0=",
        "last_login": null,
        "is_superuser": false,
        "username": "321332113123",
        "first_name": "",
        "last_name": "",
        "email": "11@mail.ru",
        "is_staff": false,
        "is_active": false,
        "date_joined": "2023-03-22T14:07:52.455Z",
        "groups": [],
        "user_permissions": []
    }
},
{
    "model": "auth.user",
    "pk": 22,
    "fields": {
        "password": "pbkdf2_sha256$260000$HRi6pNjxvZ5ndUjwIqdXOK$iryy3Qilcu8iRxJIsnTEX6IvN/wS1bR7Us4o3TBUAMU=",
        "last_login": null,
        "is_superuser": false,
        "username": "Arseniy",
        "first_name": "",
        "last_name": "",
        "email": "12@mail.ru",
        "is_staff": false,
        "is_active": false,
        "date_joined": "2023-03-22T16:13:21.018Z",
        "groups": [],
        "user_permissions": []
    }
},
{
    "model": "auth.user",
    "pk": 23,
    "fields": {
        "password": "pbkdf2_sha256$260000$eNPG5Ss2TdhNldhEPNhpEo$9A67XjF2FG2z8sZ5oN5YlRn95/DXcl9owIHgPEPy5CE=",
        "last_login": null,
        "is_superuser": false,
        "username": "dead",
        "first_name": "",
        "last_name": "",
        "email": "13@mail.ru",
        "is_staff": false,
        "is_active": false,
        "date_joined": "2023-03-22T16:15:29.731Z",
        "groups": [],
        "user_permissions": []
    }
},
{
    "model": "auth.user",
    "pk": 24,
    "fields": {
        "password": "pbkdf2_sha256$260000$uyMmeZLuanJQrYfFwCizbh$Vq//CE7VZFDsEXe29gQVSsYXH6J0ECW9DW1RU5W8H8U=",
        "last_login": null,
        "is_superuser": false,
        "username": "dsadasd",
        "first_name": "",
        "last_name": "",
        "email": "14@mail.ru",
        "is_staff": false,
        "is_active": false,
        "date_joined": "2023-03-22T16:33:03.836Z",
        "groups": [],
        "user_permissions": []
    }
},
{
    "model": "auth.user",
    "pk": 25,
    "fields": {
        "password": "pbkdf2_sha256$260000$R0sn7wPnkdfB5LdHYyuMJP$vaHrMSnhoqfREcppQKA7eOqFlr3Rydgz3iC6+pZZ+NY=",
        "last_login": null,
        "is_superuser": false,
        "username": "12312312321",
        "first_name": "",
        "last_name": "",
        "email": "15@mail.ru",
        "is_staff": false,
        "is_active": false,
        "date_joined": "2023-03-22T16:37:39.093Z",
        "groups": [],
        "user_permissions": []
    }
},
{
    "model": "auth.user",
    "pk": 26,
    "fields": {
        "password": "pbkdf2_sha256$260000$YHo9AXNsqFAx4aabmKaiXK$ThhuMBA5EZ5fw7Fukg1bSXtQFM33Y3KSNqJcGX7TDDE=",
        "last_login": null,
        "is_superuser": false,
        "username": "25434667senya",
        "first_name": "",
        "last_name": "",
        "email": "16@mail.ru",
        "is_staff": false,
        "is_active": false,
        "date_joined": "2023-03-22T16:41:27.678Z",
        "groups": [],
        "user_permissions": []
    }
},
{
    "model": "auth.user",
    "pk": 27,
    "fields": {
        "password": "pbkdf2_sha256$260000$3MA4ClezeP0henQ7GtyYf8$UkojglSCxyKVqpCAoMxffT3Nq3vT/Bb3WvgDKO2fP20=",
        "last_login": null,
        "is_superuser": false,
        "username": "dsad",
        "first_name": "",
        "last_name": "",
        "email": "17@mail.ru",
        "is_staff": false,
        "is_active": true,
        "date_joined": "2023-03-22T16:43:35.891Z",
        "groups": [],
        "user_permissions": []
    }
},
{
    "model": "auth.user",
    "pk": 28,
    "fields": {
        "password": "",
        "last_login": null,
        "is_superuser": false,
        "username": "",
        "first_name": "Арсений",
        "last_name": "Бородулин",
        "email": "18@mail.ru",
        "is_staff": false,
        "is_active": false,
        "date_joined": "2023-03-22T19:37:14.564Z",
        "groups": [],
        "user_permissions": []
    }
},
{
    "model": "auth.user",
    "pk": 29,
    "fields": {
        "password": "pbkdf2_sha256$260000$JMxFkjyctauYHNKcVNWhMC$qsS3RA5N13NOplqdUTOtTGpg7L9j34spGob2H3uNhgA=",
        "last_login": null,
        "is_superuser": false,
        "username": "deadghouI",
        "first_name": "",
        "last_name": "",
        "email": "19@mail.ru",
        "is_staff": false,
        "is_active": false,
        "date_joined": "2023-03-22T20:20:27.878Z",
        "groups": [],
        "user_permissions": []
    }
},
{
    "model": "auth.user",
    "pk": 30,
    "fields": {
        "password": "pbkdf2_sha256$260000$jXFEZGzBhUCMz89ADaUhmR$Wh4SBNlJ3jRchQk4pLj4q7SLf4+okOXt6empLxEMoEk=",
        "last_login": null,
        "is_superuser": false,
        "username": "dedadadaadda",
        "first_name": "",
        "last_name": "",
        "email": "20@mail.rup",
        "is_staff": false,
        "is_active": true,
        "date_joined": "2023-03-22T20:23:11.310Z",
        "groups": [],
        "user_permissions": []
    }
},
{
    "model": "auth.user",
    "pk": 31,
    "fields": {
        "password": "pbkdf2_sha256$260000$Dkglpm1MXongjunM5raFjs$FjYvLuyEsN80YPBpkox3Ams/pYT3hkpf8Il779wU5LU=",
        "last_login": "2023-03-23T14:50:26.314Z",
        "is_superuser": false,
        "username": "senyaborodulin1",
        "first_name": "",
        "last_name": "",
        "email": "googledanilaereminsenior@google.com",
        "is_staff": false,
        "is_active": true,
        "date_joined": "2023-03-23T14:48:15.389Z",
        "groups": [],
        "user_permissions": []
    }
},
{
    "model": "auth.user",
    "pk": 32,
    "fields": {
        "password": "pbkdf2_sha256$260000$xzt3Hyu4ofzch2hNQ9GTU3$hMkojLhw0ameRQa3+PGrpe4Aflz6893lJXLAy+LQ9C4=",
        "last_login": null,
        "is_superuser": false,
        "username": "dadada",
        "first_name": "",
        "last_name": "",
        "email": "dadada@mail.ru",
        "is_staff": false,
        "is_active": true,
        "date_joined": "2023-03-23T16:15:16.029Z",
        "groups": [],
        "user_permissions": []
    }
},
{
    "model": "auth.user",
    "pk": 33,
    "fields": {
        "password": "pbkdf2_sha256$260000$lYKnCchtPsWOa4oD7vde0q$OYdIZKIGtB2JGKG267tUqWQPPTHrs7+5UQKagkQmQaI=",
        "last_login": null,
        "is_superuser": false,
        "username": "dadadada",
        "first_name": "",
        "last_name": "",
        "email": "dadadada@mail.ru",
        "is_staff": false,
        "is_active": true,
        "date_joined": "2023-03-23T16:26:57.274Z",
        "groups": [],
        "user_permissions": []
    }
},
{
    "model": "auth.user",
    "pk": 34,
    "fields": {
        "password": "pbkdf2_sha256$260000$nrFMUATFlUc6Inixj8uzDj$vzonXjZJFQmXW3f9UYuUefl+YpnP7qk+eAxSXa7phyc=",
        "last_login": null,
        "is_superuser": false,
        "username": "dada",
        "first_name": "",
        "last_name": "",
        "email": "da.da@gmail.com",
        "is_staff": false,
        "is_active": true,
        "date_joined": "2023-03-23T16:37:37.995Z",
        "groups": [],
        "user_permissions": []
    }
},
{
    "model": "contenttypes.contenttype",
    "pk": 1,
    "fields": {
        "app_label": "admin",
        "model": "logentry"
    }
},
{
    "model": "contenttypes.contenttype",
    "pk": 2,
    "fields": {
        "app_label": "auth",
        "model": "permission"
    }
},
{
    "model": "contenttypes.contenttype",
    "pk": 3,
    "fields": {
        "app_label": "auth",
        "model": "group"
    }
},
{
    "model": "contenttypes.contenttype",
    "pk": 4,
    "fields": {
        "app_label": "auth",
        "model": "user"
    }
},
{
    "model": "contenttypes.contenttype",
    "pk": 5,
    "fields": {
        "app_label": "contenttypes",
        "model": "contenttype"
    }
},
{
    "model": "contenttypes.contenttype",
    "pk": 6,
    "fields": {
        "app_label": "sessions",
        "model": "session"
    }
},
{
    "model": "contenttypes.contenttype",
    "pk": 7,
    "fields": {
        "app_label": "catalog",
        "model": "category"
    }
},
{
    "model": "contenttypes.contenttype",
    "pk": 8,
    "fields": {
        "app_label": "catalog",
        "model": "mainimage"
    }
},
{
    "model": "contenttypes.contenttype",
    "pk": 9,
    "fields": {
        "app_label": "catalog",
        "model": "photogallery"
    }
},
{
    "model": "contenttypes.contenttype",
    "pk": 10,
    "fields": {
        "app_label": "catalog",
        "model": "tag"
    }
},
{
    "model": "contenttypes.contenttype",
    "pk": 11,
    "fields": {
        "app_label": "catalog",
        "model": "item"
    }
},
{
    "model": "contenttypes.contenttype",
    "pk": 12,
    "fields": {
        "app_label": "thumbnail",
        "model": "kvstore"
    }
},
{
    "model": "contenttypes.contenttype",
    "pk": 13,
    "fields": {
        "app_label": "feedback",
        "model": "feedback"
    }
},
{
    "model": "contenttypes.contenttype",
    "pk": 14,
    "fields": {
        "app_label": "feedback",
        "model": "sender"
    }
},
{
    "model": "contenttypes.contenttype",
    "pk": 15,
    "fields": {
        "app_label": "feedback",
        "model": "feedbackfiles"
    }
},
{
    "model": "contenttypes.contenttype",
    "pk": 16,
    "fields": {
        "app_label": "users",
        "model": "profile"
    }
},
{
    "model": "contenttypes.contenttype",
    "pk": 17,
    "fields": {
        "app_label": "users",
        "model": "userproxy"
    }
},
{
    "model": "contenttypes.contenttype",
    "pk": 18,
    "fields": {
        "app_label": "users",
        "model": "activationtoken"
    }
},
{
    "model": "contenttypes.contenttype",
    "pk": 19,
    "fields": {
        "app_label": "myauth",
        "model": "profile"
    }
},
{
    "model": "contenttypes.contenttype",
    "pk": 20,
    "fields": {
        "app_label": "myauth",
        "model": "activationtoken"
    }
},
{
    "model": "contenttypes.contenttype",
    "pk": 21,
    "fields": {
        "app_label": "myauth",
        "model": "userproxy"
    }
},
{
    "model": "contenttypes.contenttype",
    "pk": 22,
    "fields": {
        "app_label": "authorisation",
        "model": "activationtoken"
    }
},
{
    "model": "contenttypes.contenttype",
    "pk": 23,
    "fields": {
        "app_label": "authorisation",
        "model": "profile"
    }
},
{
    "model": "contenttypes.contenttype",
    "pk": 24,
    "fields": {
        "app_label": "authorisation",
        "model": "userproxy"
    }
},
{
    "model": "sessions.session",
    "pk": "e1i7gn34itehtn7xsb6vefq7qwe6rirl",
    "fields": {
        "session_data": ".eJxVjDsOwjAQBe_iGllr_Kek5wzWrr3gALKlOKkQd4dIKaB9M_NeIuG61LQOntNUxEkocfjdCPOD2wbKHduty9zbMk8kN0XudMhLL_w87-7fQcVRvzXHHINCCsHgUdPVWItUvKcAVDB68oAQ0VlwgT1HyMGbolUk0IBOi_cH7SU3pg:1pXJPv:GHNfcFNLfIPIeOOIzI1gshBGOq4G3nVxzkEVXJZTvBU",
        "expire_date": "2023-03-15T10:10:35.648Z"
    }
},
{
    "model": "sessions.session",
    "pk": "hu9yg3hgilo8ph5rvgd676a2kzk2hae4",
    "fields": {
        "session_data": ".eJxVjsEOwiAQRP-FsyGLlAIevfcbml1Y22rTJlBOxn8Xkh70Om_mZd5ixHLMY8mcxiWKm1Di8psRhhdvDcQnbtMuw74daSHZKvKkWQ575PV-dv8EM-a5rtkH7xSScx1eNT06Y5CiteSAInpLFhA89gZ6x5Y9BGe7qJUn0IC9btK1Hig4cdWlIj5fzmc9Hg:1paIhi:qZhgpFl09Fl2fFoEZn4BQsqYnh9_eMjOT4HiA14N_jc",
        "expire_date": "2023-03-23T16:01:18.568Z"
    }
},
{
    "model": "sessions.session",
    "pk": "tfdhdua3lask2zfvjem6hco9xf9i80ql",
    "fields": {
        "session_data": ".eJxVy0EOgjAQQNG7zNoQp7TQsnTtHZrpdCqNCobaRGK8u5qwYftf_ht8kVLyPHl5PfKywnA8gKf6HH0tsvgcYQCEXQvEV5n-cFtZ6r3ZQmnO8yVPp413z0hl_A2hwzaKcyQ6GWUTBU2oLbdsXUTkpLROaAy6vufOStAq9cpwTC1ZKxY-X6TeOnw:1pg5s5:C1odSpiqEOR-Ga-sYc86WCL4XD6D4FX2rX6RE32REfg",
        "expire_date": "2023-04-08T15:31:57.156Z"
    }
},
{
    "model": "thumbnail.kvstore",
    "pk": "sorl-thumbnail||image||05959660be94c0363bc843a75d4c822c",
    "fields": {
        "value": "{\"name\": \"cache/b3/29/b32986a18b52dc4f82e69b6ff40897bf.jpg\", \"storage\": \"django.core.files.storage.FileSystemStorage\", \"size\": [600, 400]}"
    }
},
{
    "model": "thumbnail.kvstore",
    "pk": "sorl-thumbnail||image||0c0de1f3e6373330906a54a341be9ef6",
    "fields": {
        "value": "{\"name\": \"cache/12/7d/127dd1f8e8aad0345fba2062b34d5aaa.jpg\", \"storage\": \"django.core.files.storage.FileSystemStorage\", \"size\": [150, 150]}"
    }
},
{
    "model": "thumbnail.kvstore",
    "pk": "sorl-thumbnail||image||0c8991253fa3876bd4a63572a7aa132f",
    "fields": {
        "value": "{\"name\": \"cache/a0/a6/a0a64c5540f2851d46ab7968f8d818c4.jpg\", \"storage\": \"django.core.files.storage.FileSystemStorage\", \"size\": [300, 400]}"
    }
},
{
    "model": "thumbnail.kvstore",
    "pk": "sorl-thumbnail||image||0fa92e98f4bd2535d23155ed4ad0fb3a",
    "fields": {
        "value": "{\"name\": \"cache/ae/bb/aebbc8d7b6ea93198301c59c690579ea.jpg\", \"storage\": \"django.core.files.storage.FileSystemStorage\", \"size\": [500, 400]}"
    }
},
{
    "model": "thumbnail.kvstore",
    "pk": "sorl-thumbnail||image||1164a9bf3308a5bd581251f1d5a7eb7d",
    "fields": {
        "value": "{\"name\": \"cache/50/77/50776d6bca1ae434ba97c6d4d08f5737.jpg\", \"storage\": \"django.core.files.storage.FileSystemStorage\", \"size\": [300, 400]}"
    }
},
{
    "model": "thumbnail.kvstore",
    "pk": "sorl-thumbnail||image||12e21818ea20bf52eeac3c3446407e82",
    "fields": {
        "value": "{\"name\": \"cache/48/5f/485fb0d4ce8a5908eff7bba4c6c68e16.jpg\", \"storage\": \"django.core.files.storage.FileSystemStorage\", \"size\": [500, 400]}"
    }
},
{
    "model": "thumbnail.kvstore",
    "pk": "sorl-thumbnail||image||14be382fc8285247c9111137388d312a",
    "fields": {
        "value": "{\"name\": \"cache/fc/8b/fc8b8e545bb857f7a09a032aff1dc52d.jpg\", \"storage\": \"django.core.files.storage.FileSystemStorage\", \"size\": [200, 150]}"
    }
},
{
    "model": "thumbnail.kvstore",
    "pk": "sorl-thumbnail||image||21ea656f1ba491db5467c34d7c349b34",
    "fields": {
        "value": "{\"name\": \"uploads/catalog/items_gallery/62c72330-df55-4460-b887-07bf665ca9f1.jpg\", \"storage\": \"django.core.files.storage.FileSystemStorage\", \"size\": [533, 679]}"
    }
},
{
    "model": "thumbnail.kvstore",
    "pk": "sorl-thumbnail||image||25c18152a14e0b36bb90de24dc916c3c",
    "fields": {
        "value": "{\"name\": \"cache/5a/93/5a93fe05ca2529932df1f185aeb738ce.jpg\", \"storage\": \"django.core.files.storage.FileSystemStorage\", \"size\": [700, 400]}"
    }
},
{
    "model": "thumbnail.kvstore",
    "pk": "sorl-thumbnail||image||2e280172bc81abdd45d5fefbe9c27bb0",
    "fields": {
        "value": "{\"name\": \"cache/39/71/397163bdf5e6daef42d61a67de606507.jpg\", \"storage\": \"django.core.files.storage.FileSystemStorage\", \"size\": [200, 150]}"
    }
},
{
    "model": "thumbnail.kvstore",
    "pk": "sorl-thumbnail||image||33a290f4a41d6672f3ea0d4bb59e39c2",
    "fields": {
        "value": "{\"name\": \"cache/4c/ed/4cede941703983f17aedf3574ef717a2.jpg\", \"storage\": \"django.core.files.storage.FileSystemStorage\", \"size\": [1920, 1080]}"
    }
},
{
    "model": "thumbnail.kvstore",
    "pk": "sorl-thumbnail||image||3866525226bc9d1b9241d5bd0e79d225",
    "fields": {
        "value": "{\"name\": \"cache/6c/f2/6cf2009c8ced7429a1113f09035ffc29.jpg\", \"storage\": \"django.core.files.storage.FileSystemStorage\", \"size\": [600, 400]}"
    }
},
{
    "model": "thumbnail.kvstore",
    "pk": "sorl-thumbnail||image||3aa04eb42a832a250d6b04bec12be2c0",
    "fields": {
        "value": "{\"name\": \"cache/cb/4e/cb4e0cca354170c2805218bc1e331d6d.jpg\", \"storage\": \"django.core.files.storage.FileSystemStorage\", \"size\": [300, 300]}"
    }
},
{
    "model": "thumbnail.kvstore",
    "pk": "sorl-thumbnail||image||3f81ad58efd23ce422684280e54ae3e1",
    "fields": {
        "value": "{\"name\": \"cache/fd/81/fd8150189a6c03a630a5b3d71ce28048.jpg\", \"storage\": \"django.core.files.storage.FileSystemStorage\", \"size\": [300, 400]}"
    }
},
{
    "model": "thumbnail.kvstore",
    "pk": "sorl-thumbnail||image||3ff6f6ced042b8e2a42436187139f050",
    "fields": {
        "value": "{\"name\": \"cache/96/15/961505c5811347f8777d09f0b980bc9b.jpg\", \"storage\": \"django.core.files.storage.FileSystemStorage\", \"size\": [200, 150]}"
    }
},
{
    "model": "thumbnail.kvstore",
    "pk": "sorl-thumbnail||image||439fc855a29d6e5441951f70479df05a",
    "fields": {
        "value": "{\"name\": \"cache/83/04/8304d5d7dceca70b4140b7d64fe78159.jpg\", \"storage\": \"django.core.files.storage.FileSystemStorage\", \"size\": [300, 400]}"
    }
},
{
    "model": "thumbnail.kvstore",
    "pk": "sorl-thumbnail||image||5a2d75af180e6e050eb74e2db43aa628",
    "fields": {
        "value": "{\"name\": \"uploads/catalog/items_gallery/dbc838ff-4af6-4564-b6db-315dcffd03f9.jpg\", \"storage\": \"django.core.files.storage.FileSystemStorage\", \"size\": [749, 760]}"
    }
},
{
    "model": "thumbnail.kvstore",
    "pk": "sorl-thumbnail||image||5b87cfe3aadaf9c6bdfcdcdebabacc3b",
    "fields": {
        "value": "{\"name\": \"cache/9f/bb/9fbbba18058d6ac648321cc97df778e8.jpg\", \"storage\": \"django.core.files.storage.FileSystemStorage\", \"size\": [150, 150]}"
    }
},
{
    "model": "thumbnail.kvstore",
    "pk": "sorl-thumbnail||image||5cfbad2da020753547be9c8ad01a1a9d",
    "fields": {
        "value": "{\"name\": \"cache/5d/e8/5de81f13d2c2e0886cdfada559590b67.jpg\", \"storage\": \"django.core.files.storage.FileSystemStorage\", \"size\": [400, 300]}"
    }
},
{
    "model": "thumbnail.kvstore",
    "pk": "sorl-thumbnail||image||634959a071af6e965cec88e060d9ff31",
    "fields": {
        "value": "{\"name\": \"uploads/catalog/items_gallery/8ef82bf5-b054-4ad7-86aa-f6abe287ef51.jpg\", \"storage\": \"django.core.files.storage.FileSystemStorage\", \"size\": [564, 1003]}"
    }
},
{
    "model": "thumbnail.kvstore",
    "pk": "sorl-thumbnail||image||65ffcd28a67672dbe48695c6c740cdeb",
    "fields": {
        "value": "{\"name\": \"cache/07/cc/07cc1b6ec9bb1380d1fe09eed196e762.jpg\", \"storage\": \"django.core.files.storage.FileSystemStorage\", \"size\": [300, 400]}"
    }
},
{
    "model": "thumbnail.kvstore",
    "pk": "sorl-thumbnail||image||795213f982aaf5bc1e3713e03dcb90c4",
    "fields": {
        "value": "{\"name\": \"cache/10/93/10930a37fcddfa2987129f06e700f591.jpg\", \"storage\": \"django.core.files.storage.FileSystemStorage\", \"size\": [700, 400]}"
    }
},
{
    "model": "thumbnail.kvstore",
    "pk": "sorl-thumbnail||image||79b7d757aca84ec91327694ae94001a6",
    "fields": {
        "value": "{\"name\": \"uploads/catalog/items_gallery/d9cafeb1-7b57-4f27-ba2c-4f41a9a87b23.jpg\", \"storage\": \"django.core.files.storage.FileSystemStorage\", \"size\": [600, 593]}"
    }
},
{
    "model": "thumbnail.kvstore",
    "pk": "sorl-thumbnail||image||8a6f2c5d0eca2006fede671c6172b4ec",
    "fields": {
        "value": "{\"name\": \"cache/c1/99/c199c8c8dacf7e7e8cdc942544ed5d31.jpg\", \"storage\": \"django.core.files.storage.FileSystemStorage\", \"size\": [500, 400]}"
    }
},
{
    "model": "thumbnail.kvstore",
    "pk": "sorl-thumbnail||image||8df2124a4bd0d1b4d0b2fe6306dbdfbc",
    "fields": {
        "value": "{\"name\": \"uploads/catalog/items_gallery/f8446d74-63f0-4b6d-8eb7-4efdcf419a27.jpg\", \"storage\": \"django.core.files.storage.FileSystemStorage\", \"size\": [406, 722]}"
    }
},
{
    "model": "thumbnail.kvstore",
    "pk": "sorl-thumbnail||image||96cf4244d84b2d7e42cce6b9adb139e7",
    "fields": {
        "value": "{\"name\": \"cache/06/11/06111e504f650f92bf29beb535f551db.jpg\", \"storage\": \"django.core.files.storage.FileSystemStorage\", \"size\": [500, 400]}"
    }
},
{
    "model": "thumbnail.kvstore",
    "pk": "sorl-thumbnail||image||9c3fd7f677471a27e45971a963aed808",
    "fields": {
        "value": "{\"name\": \"cache/65/3c/653ca7a78ea6fca731910247c37cd1eb.jpg\", \"storage\": \"django.core.files.storage.FileSystemStorage\", \"size\": [500, 400]}"
    }
},
{
    "model": "thumbnail.kvstore",
    "pk": "sorl-thumbnail||image||9c7f81db543722b25254eb939282cd61",
    "fields": {
        "value": "{\"name\": \"uploads/cat.jpg\", \"storage\": \"django.core.files.storage.FileSystemStorage\", \"size\": [749, 760]}"
    }
},
{
    "model": "thumbnail.kvstore",
    "pk": "sorl-thumbnail||image||a0183c6cec049522c1648967020ee281",
    "fields": {
        "value": "{\"name\": \"uploads/catalog/items_gallery/123.gif\", \"storage\": \"django.core.files.storage.FileSystemStorage\", \"size\": [446, 250]}"
    }
},
{
    "model": "thumbnail.kvstore",
    "pk": "sorl-thumbnail||image||a6bdfafd17f9a7f76f02f09b0b47ac89",
    "fields": {
        "value": "{\"name\": \"cache/76/71/7671f37a16a5fa2a149ca374ab3549ac.jpg\", \"storage\": \"django.core.files.storage.FileSystemStorage\", \"size\": [300, 300]}"
    }
},
{
    "model": "thumbnail.kvstore",
    "pk": "sorl-thumbnail||image||acd76c1b28a1fbd4d608c18e4f861591",
    "fields": {
        "value": "{\"name\": \"uploads/catalog/items_gallery/330a6389-b75b-431d-a75b-efdbeda037df.jpg\", \"storage\": \"django.core.files.storage.FileSystemStorage\", \"size\": [563, 751]}"
    }
},
{
    "model": "thumbnail.kvstore",
    "pk": "sorl-thumbnail||image||b65f00dee5e218276f059213ab3a68a9",
    "fields": {
        "value": "{\"name\": \"cache/a3/b1/a3b19253e8f3f064fd951af071d74732.jpg\", \"storage\": \"django.core.files.storage.FileSystemStorage\", \"size\": [500, 400]}"
    }
},
{
    "model": "thumbnail.kvstore",
    "pk": "sorl-thumbnail||image||becbca12df7f2337e5a0138d745158e3",
    "fields": {
        "value": "{\"name\": \"uploads/avatars/7b5101df-5e99-403c-91c2-6eec3c8165f2.\\u0441\\u043e\\u043b\\u043d\\u044b\\u0448\\u043a\\u043e.jpg\", \"storage\": \"django.core.files.storage.FileSystemStorage\", \"size\": [749, 760]}"
    }
},
{
    "model": "thumbnail.kvstore",
    "pk": "sorl-thumbnail||image||c678728aab62cf409b29eae72bfb6667",
    "fields": {
        "value": "{\"name\": \"uploads/catalog/items_gallery/9c49073b-45a7-4ab0-9574-b0cd56e884d1.gif\", \"storage\": \"django.core.files.storage.FileSystemStorage\", \"size\": [446, 250]}"
    }
},
{
    "model": "thumbnail.kvstore",
    "pk": "sorl-thumbnail||image||c786e869e94c530dc868427d627b7a87",
    "fields": {
        "value": "{\"name\": \"cache/81/2c/812c8717f5d593127f20017cd4d43b74.jpg\", \"storage\": \"django.core.files.storage.FileSystemStorage\", \"size\": [300, 300]}"
    }
},
{
    "model": "thumbnail.kvstore",
    "pk": "sorl-thumbnail||image||caa2d00e051d8184ae29feb8724fd134",
    "fields": {
        "value": "{\"name\": \"cache/fb/eb/fbebefc7ee7e912bbf71eda737adf00d.jpg\", \"storage\": \"django.core.files.storage.FileSystemStorage\", \"size\": [300, 400]}"
    }
},
{
    "model": "thumbnail.kvstore",
    "pk": "sorl-thumbnail||image||cf1569360d07744c1408646363e77929",
    "fields": {
        "value": "{\"name\": \"cache/a2/57/a257b30b69f8d4e956c88f10c9643839.jpg\", \"storage\": \"django.core.files.storage.FileSystemStorage\", \"size\": [300, 400]}"
    }
},
{
    "model": "thumbnail.kvstore",
    "pk": "sorl-thumbnail||image||dc00ac074fee00726499da6217b80e12",
    "fields": {
        "value": "{\"name\": \"cache/72/61/7261d21b1c83401e337a6ec653f23f2d.jpg\", \"storage\": \"django.core.files.storage.FileSystemStorage\", \"size\": [300, 400]}"
    }
},
{
    "model": "thumbnail.kvstore",
    "pk": "sorl-thumbnail||image||e6e97dfd2167d7b477a5bca64075bde4",
    "fields": {
        "value": "{\"name\": \"cache/fb/35/fb3598e252cae72a8f3b948fc9c4f846.jpg\", \"storage\": \"django.core.files.storage.FileSystemStorage\", \"size\": [300, 400]}"
    }
},
{
    "model": "thumbnail.kvstore",
    "pk": "sorl-thumbnail||image||e9c77fb49443fda61052a1dac8d130df",
    "fields": {
        "value": "{\"name\": \"uploads/catalog/items_gallery/6eae1e29-86e5-4f1a-aee0-4f768c0961d6.jpg\", \"storage\": \"django.core.files.storage.FileSystemStorage\", \"size\": [563, 751]}"
    }
},
{
    "model": "thumbnail.kvstore",
    "pk": "sorl-thumbnail||image||ee5b9f142b5497eb423892c06c8bb3fe",
    "fields": {
        "value": "{\"name\": \"uploads/avatars/041da77c-c080-43f5-944f-b4cd7c354b4a.123.gif\", \"storage\": \"django.core.files.storage.FileSystemStorage\", \"size\": [446, 250]}"
    }
},
{
    "model": "thumbnail.kvstore",
    "pk": "sorl-thumbnail||image||f61949610123eb810d1f93e6e707c95a",
    "fields": {
        "value": "{\"name\": \"cache/fc/53/fc5341c9e094c28f95a256f4d7899d1b.jpg\", \"storage\": \"django.core.files.storage.FileSystemStorage\", \"size\": [300, 400]}"
    }
},
{
    "model": "thumbnail.kvstore",
    "pk": "sorl-thumbnail||image||fb6d27827e0e87faaab4d5d365155335",
    "fields": {
        "value": "{\"name\": \"cache/4b/a5/4ba5060d0f616f5cde6817796c23fdcc.jpg\", \"storage\": \"django.core.files.storage.FileSystemStorage\", \"size\": [500, 400]}"
    }
},
{
    "model": "thumbnail.kvstore",
    "pk": "sorl-thumbnail||thumbnails||21ea656f1ba491db5467c34d7c349b34",
    "fields": {
        "value": "[\"0c8991253fa3876bd4a63572a7aa132f\", \"0fa92e98f4bd2535d23155ed4ad0fb3a\"]"
    }
},
{
    "model": "thumbnail.kvstore",
    "pk": "sorl-thumbnail||thumbnails||5a2d75af180e6e050eb74e2db43aa628",
    "fields": {
        "value": "[\"1164a9bf3308a5bd581251f1d5a7eb7d\", \"5cfbad2da020753547be9c8ad01a1a9d\", \"25c18152a14e0b36bb90de24dc916c3c\", \"f61949610123eb810d1f93e6e707c95a\", \"8a6f2c5d0eca2006fede671c6172b4ec\", \"3866525226bc9d1b9241d5bd0e79d225\", \"dc00ac074fee00726499da6217b80e12\"]"
    }
},
{
    "model": "thumbnail.kvstore",
    "pk": "sorl-thumbnail||thumbnails||634959a071af6e965cec88e060d9ff31",
    "fields": {
        "value": "[\"65ffcd28a67672dbe48695c6c740cdeb\"]"
    }
},
{
    "model": "thumbnail.kvstore",
    "pk": "sorl-thumbnail||thumbnails||79b7d757aca84ec91327694ae94001a6",
    "fields": {
        "value": "[\"cf1569360d07744c1408646363e77929\", \"fb6d27827e0e87faaab4d5d365155335\", \"caa2d00e051d8184ae29feb8724fd134\"]"
    }
},
{
    "model": "thumbnail.kvstore",
    "pk": "sorl-thumbnail||thumbnails||8df2124a4bd0d1b4d0b2fe6306dbdfbc",
    "fields": {
        "value": "[\"12e21818ea20bf52eeac3c3446407e82\", \"3f81ad58efd23ce422684280e54ae3e1\"]"
    }
},
{
    "model": "thumbnail.kvstore",
    "pk": "sorl-thumbnail||thumbnails||9c7f81db543722b25254eb939282cd61",
    "fields": {
        "value": "[\"a6bdfafd17f9a7f76f02f09b0b47ac89\", \"0c0de1f3e6373330906a54a341be9ef6\", \"2e280172bc81abdd45d5fefbe9c27bb0\", \"3ff6f6ced042b8e2a42436187139f050\"]"
    }
},
{
    "model": "thumbnail.kvstore",
    "pk": "sorl-thumbnail||thumbnails||a0183c6cec049522c1648967020ee281",
    "fields": {
        "value": "[\"795213f982aaf5bc1e3713e03dcb90c4\", \"9c3fd7f677471a27e45971a963aed808\", \"33a290f4a41d6672f3ea0d4bb59e39c2\", \"05959660be94c0363bc843a75d4c822c\"]"
    }
},
{
    "model": "thumbnail.kvstore",
    "pk": "sorl-thumbnail||thumbnails||acd76c1b28a1fbd4d608c18e4f861591",
    "fields": {
        "value": "[\"e6e97dfd2167d7b477a5bca64075bde4\"]"
    }
},
{
    "model": "thumbnail.kvstore",
    "pk": "sorl-thumbnail||thumbnails||becbca12df7f2337e5a0138d745158e3",
    "fields": {
        "value": "[\"14be382fc8285247c9111137388d312a\", \"c786e869e94c530dc868427d627b7a87\", \"5b87cfe3aadaf9c6bdfcdcdebabacc3b\"]"
    }
},
{
    "model": "thumbnail.kvstore",
    "pk": "sorl-thumbnail||thumbnails||c678728aab62cf409b29eae72bfb6667",
    "fields": {
        "value": "[\"96cf4244d84b2d7e42cce6b9adb139e7\"]"
    }
},
{
    "model": "thumbnail.kvstore",
    "pk": "sorl-thumbnail||thumbnails||e9c77fb49443fda61052a1dac8d130df",
    "fields": {
        "value": "[\"b65f00dee5e218276f059213ab3a68a9\", \"439fc855a29d6e5441951f70479df05a\"]"
    }
},
{
    "model": "thumbnail.kvstore",
    "pk": "sorl-thumbnail||thumbnails||ee5b9f142b5497eb423892c06c8bb3fe",
    "fields": {
        "value": "[\"3aa04eb42a832a250d6b04bec12be2c0\"]"
    }
},
{
    "model": "catalog.tag",
    "pk": 1,
    "fields": {
        "is_published": true,
        "name": "Популярное",
        "slug": "tag1",
        "normalized_name": "ПOПУЛЯPHOE"
    }
},
{
    "model": "catalog.tag",
    "pk": 2,
    "fields": {
        "is_published": true,
        "name": "Горячо",
        "slug": "tag2",
        "normalized_name": "ГOPЯЧO"
    }
},
{
    "model": "catalog.tag",
    "pk": 3,
    "fields": {
        "is_published": true,
        "name": "Новогодний подарок",
        "slug": "tag3",
        "normalized_name": "HOBOГOДHИЙПOДAPOK"
    }
},
{
    "model": "catalog.tag",
    "pk": 4,
    "fields": {
        "is_published": true,
        "name": "Акция",
        "slug": "tag4",
        "normalized_name": "AKЦИЯ"
    }
},
{
    "model": "catalog.tag",
    "pk": 5,
    "fields": {
        "is_published": true,
        "name": "Прекрасный",
        "slug": "tag5",
        "normalized_name": "ПPEKPACHЫЙ"
    }
},
{
    "model": "catalog.tag",
    "pk": 6,
    "fields": {
        "is_published": true,
        "name": "злой",
        "slug": "angry",
        "normalized_name": "ЗЛOЙ"
    }
},
{
    "model": "catalog.category",
    "pk": 1,
    "fields": {
        "is_published": true,
        "name": "Основные",
        "slug": "cat1",
        "normalized_name": "OCHOBHЫE",
        "weight": 100
    }
},
{
    "model": "catalog.category",
    "pk": 2,
    "fields": {
        "is_published": true,
        "name": "Котята",
        "slug": "cat",
        "normalized_name": "KOTЯTA",
        "weight": 100
    }
},
{
    "model": "catalog.photogallery",
    "pk": 1,
    "fields": {
        "image": "uploads/catalog/items_gallery/123.gif",
        "item": 2
    }
},
{
    "model": "catalog.photogallery",
    "pk": 2,
    "fields": {
        "image": "uploads/catalog/items_gallery/9c49073b-45a7-4ab0-9574-b0cd56e884d1.gif",
        "item": 3
    }
},
{
    "model": "catalog.item",
    "pk": 2,
    "fields": {
        "is_published": true,
        "name": "чайник",
        "image": "uploads/catalog/items_gallery/dbc838ff-4af6-4564-b6db-315dcffd03f9.jpg",
        "text": "<p>Не только согреет вашу попу но и скрасит ваши рутинные дни превосходно</p>",
        "category": 2,
        "is_on_main": false,
        "last_edit_date": "2023-03-09T15:21:55.129Z",
        "creation_date": "2023-03-09T15:21:55.120Z",
        "tags": [
            1,
            3,
            5
        ]
    }
},
{
    "model": "catalog.item",
    "pk": 3,
    "fields": {
        "is_published": true,
        "name": "редан",
        "image": "uploads/catalog/items_gallery/d9cafeb1-7b57-4f27-ba2c-4f41a9a87b23.jpg",
        "text": "<p>запрети мне носить редан в нём я паук в нём все меня боятся превосходно</p>",
        "category": 1,
        "is_on_main": true,
        "last_edit_date": "2023-03-09T15:21:55.129Z",
        "creation_date": "2023-03-09T15:21:55.120Z",
        "tags": [
            1,
            3,
            4
        ]
    }
},
{
    "model": "catalog.item",
    "pk": 4,
    "fields": {
        "is_published": true,
        "name": "котик",
        "image": "uploads/catalog/items_gallery/62c72330-df55-4460-b887-07bf665ca9f1.jpg",
        "text": "<p>Превосходно дополнит ваши уютные вечера своим злым взглядом</p>",
        "category": 2,
        "is_on_main": true,
        "last_edit_date": "2023-03-09T15:21:55.129Z",
        "creation_date": "2023-03-09T15:21:55.120Z",
        "tags": [
            3,
            5,
            6
        ]
    }
},
{
    "model": "catalog.item",
    "pk": 5,
    "fields": {
        "is_published": true,
        "name": "котёнок кузя",
        "image": "uploads/catalog/items_gallery/6eae1e29-86e5-4f1a-aee0-4f768c0961d6.jpg",
        "text": "<p>Роскошный пледик идёт в комплекте. Превосходно сочетается с цветом шерсти котика благодаря чему вы можете укутать его в этот плед и не потеряете</p>",
        "category": 2,
        "is_on_main": true,
        "last_edit_date": "2023-03-09T15:21:55.129Z",
        "creation_date": "2023-03-09T15:21:55.120Z",
        "tags": [
            1,
            3,
            5
        ]
    }
},
{
    "model": "catalog.item",
    "pk": 6,
    "fields": {
        "is_published": true,
        "name": "черныш",
        "image": "uploads/catalog/items_gallery/f8446d74-63f0-4b6d-8eb7-4efdcf419a27.jpg",
        "text": "<p>хаха я вас обманул он не чёрный превосходно</p>",
        "category": 2,
        "is_on_main": true,
        "last_edit_date": "2023-03-09T15:21:55.129Z",
        "creation_date": "2023-03-09T15:21:55.120Z",
        "tags": [
            2,
            6
        ]
    }
},
{
    "model": "catalog.item",
    "pk": 7,
    "fields": {
        "is_published": true,
        "name": "любитель пуджа",
        "image": "uploads/catalog/items_gallery/8ef82bf5-b054-4ad7-86aa-f6abe287ef51.jpg",
        "text": "<p>превосходно метает крюки и играет против крипочков 1000 ранга</p>",
        "category": 1,
        "is_on_main": true,
        "last_edit_date": "2023-03-09T16:47:29.898Z",
        "creation_date": "2023-03-09T16:47:29.898Z",
        "tags": [
            1,
            2,
            3,
            5
        ]
    }
},
{
    "model": "catalog.item",
    "pk": 8,
    "fields": {
        "is_published": true,
        "name": "пятница",
        "image": "uploads/catalog/items_gallery/330a6389-b75b-431d-a75b-efdbeda037df.jpg",
        "text": "<p><strong>превосходно, можно выпить ура победа 123</strong></p>",
        "category": 1,
        "is_on_main": false,
        "last_edit_date": "2023-03-10T18:55:48.312Z",
        "creation_date": "2023-03-10T18:54:44.980Z",
        "tags": [
            1,
            2
        ]
    }
},
{
    "model": "feedback.sender",
    "pk": 1,
    "fields": {
        "name": "Арсений Бородулин",
        "email": "Senya.borodulin@mail.ru",
        "first_feedback": "2023-03-14T15:13:56.806Z"
    }
},
{
    "model": "feedback.sender",
    "pk": 2,
    "fields": {
        "name": "12312",
        "email": "3213123@dfasf.ru",
        "first_feedback": "2023-03-22T23:33:30.050Z"
    }
},
{
    "model": "feedback.feedback",
    "pk": 1,
    "fields": {
        "sender": 1,
        "text": "hello world!",
        "processing_status": "('received', 'получено')",
        "created_at": "2023-03-14T15:13:56.970Z"
    }
},
{
    "model": "feedback.feedback",
    "pk": 2,
    "fields": {
        "sender": 1,
        "text": "hello world!",
        "processing_status": "('received', 'получено')",
        "created_at": "2023-03-14T15:16:23.052Z"
    }
},
{
    "model": "feedback.feedback",
    "pk": 3,
    "fields": {
        "sender": 1,
        "text": "hello world!",
        "processing_status": "('received', 'получено')",
        "created_at": "2023-03-14T15:43:25.121Z"
    }
},
{
    "model": "feedback.feedback",
    "pk": 4,
    "fields": {
        "sender": 1,
        "text": "hello world!",
        "processing_status": "('received', 'получено')",
        "created_at": "2023-03-14T15:43:30.370Z"
    }
},
{
    "model": "feedback.feedback",
    "pk": 5,
    "fields": {
        "sender": 1,
        "text": "hello world!",
        "processing_status": "('received', 'получено')",
        "created_at": "2023-03-14T15:45:01.887Z"
    }
},
{
    "model": "feedback.feedback",
    "pk": 6,
    "fields": {
        "sender": 1,
        "text": "hello world!",
        "processing_status": "('received', 'получено')",
        "created_at": "2023-03-14T15:45:09.180Z"
    }
},
{
    "model": "feedback.feedback",
    "pk": 7,
    "fields": {
        "sender": 1,
        "text": "hello world!",
        "processing_status": "('received', 'получено')",
        "created_at": "2023-03-14T15:45:19.386Z"
    }
},
{
    "model": "feedback.feedback",
    "pk": 8,
    "fields": {
        "sender": 1,
        "text": "hello world!",
        "processing_status": "('received', 'получено')",
        "created_at": "2023-03-14T15:45:43.038Z"
    }
},
{
    "model": "feedback.feedback",
    "pk": 9,
    "fields": {
        "sender": 1,
        "text": "hello world!",
        "processing_status": "('received', 'получено')",
        "created_at": "2023-03-14T15:47:11.735Z"
    }
},
{
    "model": "feedback.feedback",
    "pk": 10,
    "fields": {
        "sender": 1,
        "text": "hello world!",
        "processing_status": "('received', 'получено')",
        "created_at": "2023-03-14T15:47:17.155Z"
    }
},
{
    "model": "feedback.feedback",
    "pk": 11,
    "fields": {
        "sender": 1,
        "text": "hello world!",
        "processing_status": "('received', 'получено')",
        "created_at": "2023-03-14T15:48:21.787Z"
    }
},
{
    "model": "feedback.feedback",
    "pk": 12,
    "fields": {
        "sender": 1,
        "text": "hello world!",
        "processing_status": "('received', 'получено')",
        "created_at": "2023-03-14T15:48:46.738Z"
    }
},
{
    "model": "feedback.feedback",
    "pk": 13,
    "fields": {
        "sender": 1,
        "text": "hello world!",
        "processing_status": "('received', 'получено')",
        "created_at": "2023-03-14T15:49:47.721Z"
    }
},
{
    "model": "feedback.feedback",
    "pk": 14,
    "fields": {
        "sender": 1,
        "text": "hello world!",
        "processing_status": "('received', 'получено')",
        "created_at": "2023-03-14T15:51:24.758Z"
    }
},
{
    "model": "feedback.feedback",
    "pk": 15,
    "fields": {
        "sender": 1,
        "text": "hello world!",
        "processing_status": "('received', 'получено')",
        "created_at": "2023-03-14T15:51:43.790Z"
    }
},
{
    "model": "feedback.feedback",
    "pk": 16,
    "fields": {
        "sender": 1,
        "text": "hello world!",
        "processing_status": "('received', 'получено')",
        "created_at": "2023-03-14T15:52:33.687Z"
    }
},
{
    "model": "feedback.feedback",
    "pk": 17,
    "fields": {
        "sender": 1,
        "text": "hello world!",
        "processing_status": "('received', 'получено')",
        "created_at": "2023-03-14T15:53:08.897Z"
    }
},
{
    "model": "feedback.feedback",
    "pk": 18,
    "fields": {
        "sender": 1,
        "text": "hello world!",
        "processing_status": "('received', 'получено')",
        "created_at": "2023-03-14T15:53:53.233Z"
    }
},
{
    "model": "feedback.feedback",
    "pk": 19,
    "fields": {
        "sender": 1,
        "text": "hello world!",
        "processing_status": "received",
        "created_at": "2023-03-15T17:53:55.452Z"
    }
},
{
    "model": "feedback.feedback",
    "pk": 20,
    "fields": {
        "sender": 1,
        "text": "hello world!",
        "processing_status": "received",
        "created_at": "2023-03-15T17:56:37.311Z"
    }
},
{
    "model": "feedback.feedback",
    "pk": 21,
    "fields": {
        "sender": 1,
        "text": "3213123",
        "processing_status": "received",
        "created_at": "2023-03-15T18:38:07.263Z"
    }
},
{
    "model": "feedback.feedback",
    "pk": 22,
    "fields": {
        "sender": 1,
        "text": "3213123",
        "processing_status": "received",
        "created_at": "2023-03-15T18:41:00.519Z"
    }
},
{
    "model": "feedback.feedback",
    "pk": 23,
    "fields": {
        "sender": 1,
        "text": "3213123",
        "processing_status": "received",
        "created_at": "2023-03-15T18:41:29.879Z"
    }
},
{
    "model": "feedback.feedback",
    "pk": 24,
    "fields": {
        "sender": 1,
        "text": "3213123",
        "processing_status": "received",
        "created_at": "2023-03-15T18:41:45.028Z"
    }
},
{
    "model": "feedback.feedback",
    "pk": 25,
    "fields": {
        "sender": 1,
        "text": "3213123",
        "processing_status": "received",
        "created_at": "2023-03-15T19:02:44.464Z"
    }
},
{
    "model": "feedback.feedback",
    "pk": 26,
    "fields": {
        "sender": 1,
        "text": "3213123",
        "processing_status": "received",
        "created_at": "2023-03-15T19:03:54.138Z"
    }
},
{
    "model": "feedback.feedback",
    "pk": 27,
    "fields": {
        "sender": 1,
        "text": "3213123",
        "processing_status": "received",
        "created_at": "2023-03-15T19:04:05.795Z"
    }
},
{
    "model": "feedback.feedback",
    "pk": 28,
    "fields": {
        "sender": 1,
        "text": "3213123",
        "processing_status": "received",
        "created_at": "2023-03-15T19:04:21.730Z"
    }
},
{
    "model": "feedback.feedback",
    "pk": 29,
    "fields": {
        "sender": 1,
        "text": "3213123",
        "processing_status": "received",
        "created_at": "2023-03-15T19:07:59.818Z"
    }
},
{
    "model": "feedback.feedback",
    "pk": 30,
    "fields": {
        "sender": 1,
        "text": "3213123",
        "processing_status": "received",
        "created_at": "2023-03-15T19:08:26.818Z"
    }
},
{
    "model": "feedback.feedback",
    "pk": 31,
    "fields": {
        "sender": 1,
        "text": "how can i improve",
        "processing_status": "received",
        "created_at": "2023-03-15T19:09:57.417Z"
    }
},
{
    "model": "feedback.feedback",
    "pk": 32,
    "fields": {
        "sender": 1,
        "text": "how can i improve",
        "processing_status": "received",
        "created_at": "2023-03-15T19:10:04.275Z"
    }
},
{
    "model": "feedback.feedback",
    "pk": 33,
    "fields": {
        "sender": 1,
        "text": "how can i improve",
        "processing_status": "received",
        "created_at": "2023-03-15T19:14:37.721Z"
    }
},
{
    "model": "feedback.feedback",
    "pk": 34,
    "fields": {
        "sender": 1,
        "text": "how can i improve",
        "processing_status": "received",
        "created_at": "2023-03-15T19:14:46.305Z"
    }
},
{
    "model": "feedback.feedback",
    "pk": 35,
    "fields": {
        "sender": 1,
        "text": "how can i improve",
        "processing_status": "received",
        "created_at": "2023-03-15T19:28:56.720Z"
    }
},
{
    "model": "feedback.feedback",
    "pk": 36,
    "fields": {
        "sender": 1,
        "text": "how can i improve",
        "processing_status": "received",
        "created_at": "2023-03-15T19:29:16.137Z"
    }
},
{
    "model": "feedback.feedback",
    "pk": 37,
    "fields": {
        "sender": 1,
        "text": "how can i improve",
        "processing_status": "received",
        "created_at": "2023-03-15T19:30:19.410Z"
    }
},
{
    "model": "feedback.feedback",
    "pk": 38,
    "fields": {
        "sender": 1,
        "text": "idk how to do it",
        "processing_status": "received",
        "created_at": "2023-03-15T19:30:31.669Z"
    }
},
{
    "model": "feedback.feedback",
    "pk": 39,
    "fields": {
        "sender": 2,
        "text": "3213123",
        "processing_status": "received",
        "created_at": "2023-03-22T23:33:30.398Z"
    }
},
{
    "model": "feedback.feedbackfiles",
    "pk": 1,
    "fields": {
        "feedback": 14,
        "file": "uploads/feedback/1/14/690734d9-c1a0-46af-8bf1-c33fbe5166fc"
    }
},
{
    "model": "feedback.feedbackfiles",
    "pk": 2,
    "fields": {
        "feedback": 14,
        "file": "uploads/feedback/1/14/83df710e-aab7-443b-b357-8ec45542c9a2"
    }
},
{
    "model": "feedback.feedbackfiles",
    "pk": 3,
    "fields": {
        "feedback": 15,
        "file": "uploads/feedback/1/15/4363bc87-007d-4610-9c4d-e4fd3ccc9c68.jpg"
    }
},
{
    "model": "feedback.feedbackfiles",
    "pk": 4,
    "fields": {
        "feedback": 15,
        "file": "uploads/feedback/1/15/dca39c50-057c-4a83-a76f-207348bfcfe7.jpg"
    }
},
{
    "model": "feedback.feedbackfiles",
    "pk": 5,
    "fields": {
        "feedback": 16,
        "file": "uploads/feedback/user_1/feedback_16/dee87ef6-b3f6-425c-a574-d3831dc0fda3.jpg"
    }
},
{
    "model": "feedback.feedbackfiles",
    "pk": 6,
    "fields": {
        "feedback": 16,
        "file": "uploads/feedback/user_1/feedback_16/13405773-3362-4371-bafc-fd7b06311708.jpg"
    }
},
{
    "model": "feedback.feedbackfiles",
    "pk": 7,
    "fields": {
        "feedback": 17,
        "file": "uploads/feedback/user_1/feedback_17/6268a761-1a81-4231-9374-fa7f66626d1e.jpg"
    }
},
{
    "model": "feedback.feedbackfiles",
    "pk": 8,
    "fields": {
        "feedback": 32,
        "file": "uploads/feedback/user_1/feedback_32/d0dcb184-bd50-4763-950b-a772a2e68da0.jpg"
    }
},
{
    "model": "feedback.feedbackfiles",
    "pk": 9,
    "fields": {
        "feedback": 33,
        "file": "uploads/feedback/user_1/feedback_33/3035d59c-f45f-4aa8-b070-c03f2b4949c1.jpg"
    }
},
{
    "model": "feedback.feedbackfiles",
    "pk": 10,
    "fields": {
        "feedback": 34,
        "file": "uploads/feedback/user_1/feedback_34/b3ecdae7-4103-4e1a-b32b-9b3cb338c218.jpg"
    }
},
{
    "model": "feedback.feedbackfiles",
    "pk": 11,
    "fields": {
        "feedback": 35,
        "file": "uploads/feedback/user_1/feedback_35/1538c5a4-5fe1-434b-88b4-f6f47f060c1c.jpg"
    }
},
{
    "model": "feedback.feedbackfiles",
    "pk": 12,
    "fields": {
        "feedback": 36,
        "file": "uploads/feedback/user_1/feedback_36/fe1d08da-3aa2-4465-b0f5-323f30ba8809.jpg"
    }
},
{
    "model": "feedback.feedbackfiles",
    "pk": 13,
    "fields": {
        "feedback": 37,
        "file": "uploads/feedback/user_1/feedback_37/b0b2f872-0e8c-4540-804a-d54888fe222d.jpg"
    }
},
{
    "model": "feedback.feedbackfiles",
    "pk": 14,
    "fields": {
        "feedback": 39,
        "file": "uploads/feedback/user_2/feedback_39/46c1c8cc-c318-4650-97d6-3a330f2bece5.gif"
    }
},
{
    "model": "feedback.feedbackfiles",
    "pk": 15,
    "fields": {
        "feedback": 39,
        "file": "uploads/feedback/user_2/feedback_39/86997a53-2098-4dce-8dae-49764308c9fe.jpg"
    }
},
{
    "model": "users.profile",
    "pk": 2,
    "fields": {
        "user": 1,
        "birthday": "2023-03-02",
        "avatar": "uploads/avatars/7b5101df-5e99-403c-91c2-6eec3c8165f2.солнышко.jpg",
        "coffee_count": 2,
        "about": null,
        "normalized_email": "senya.borodulin@mail.ru",
        "failed_attemps": 0
    }
},
{
    "model": "users.profile",
    "pk": 3,
    "fields": {
        "user": 27,
        "birthday": null,
        "avatar": "uploads/cat.jpg",
        "coffee_count": 0,
        "about": null,
        "normalized_email": null,
        "failed_attemps": 0
    }
},
{
    "model": "users.profile",
    "pk": 4,
    "fields": {
        "user": 30,
        "birthday": null,
        "avatar": "uploads/cat.jpg",
        "coffee_count": 0,
        "about": null,
        "normalized_email": null,
        "failed_attemps": 0
    }
},
{
    "model": "users.profile",
    "pk": 5,
    "fields": {
        "user": 33,
        "birthday": null,
        "avatar": "uploads/cat.jpg",
        "coffee_count": 0,
        "about": null,
        "normalized_email": null,
        "failed_attemps": 0
    }
},
{
    "model": "users.profile",
    "pk": 6,
    "fields": {
        "user": 34,
        "birthday": null,
        "avatar": "uploads/cat.jpg",
        "coffee_count": 0,
        "about": null,
        "normalized_email": "dada@gmail.com",
        "failed_attemps": 0
    }
},
{
    "model": "users.profile",
    "pk": 7,
    "fields": {
        "user": 31,
        "birthday": null,
        "avatar": "uploads/cat.jpg",
        "coffee_count": 0,
        "about": null,
        "normalized_email": null,
        "failed_attemps": 0
    }
},
{
    "model": "users.profile",
    "pk": 8,
    "fields": {
        "user": 32,
        "birthday": null,
        "avatar": "uploads/cat.jpg",
        "coffee_count": 0,
        "about": null,
        "normalized_email": null,
        "failed_attemps": 0
    }
},
{
    "model": "users.activationtoken",
    "pk": 11,
    "fields": {
        "user": 19,
        "token": "d087da6d-586d-42c9-a866-11a4c3a63c7d",
        "created": "2023-03-22T13:37:14.936Z",
        "expire": "2023-03-23T01:37:14.936Z"
    }
},
{
    "model": "users.activationtoken",
    "pk": 12,
    "fields": {
        "user": 20,
        "token": "21d1435e-9668-4c39-81ec-e59fa89241f2",
        "created": "2023-03-22T14:07:05.270Z",
        "expire": "2023-03-23T02:07:05.269Z"
    }
},
{
    "model": "users.activationtoken",
    "pk": 14,
    "fields": {
        "user": 22,
        "token": "4996ec74-6669-417a-b89b-17b898ad0205",
        "created": "2023-03-22T16:13:21.369Z",
        "expire": "2023-03-23T04:13:21.368Z"
    }
},
{
    "model": "users.activationtoken",
    "pk": 15,
    "fields": {
        "user": 23,
        "token": "d151574a-1f09-4945-a130-950ad41308db",
        "created": "2023-03-22T16:15:30.477Z",
        "expire": "2023-03-23T04:15:30.477Z"
    }
},
{
    "model": "users.activationtoken",
    "pk": 16,
    "fields": {
        "user": 24,
        "token": "dcac503a-7cdc-448b-8e90-1f3b3a6bbeb5",
        "created": "2023-03-22T16:33:04.218Z",
        "expire": "2023-03-23T04:33:04.218Z"
    }
},
{
    "model": "users.activationtoken",
    "pk": 17,
    "fields": {
        "user": 25,
        "token": "a3b9421c-7cdc-4a18-8576-9e31f141b09e",
        "created": "2023-03-22T16:37:39.512Z",
        "expire": "2023-03-23T04:37:39.512Z"
    }
},
{
    "model": "users.activationtoken",
    "pk": 18,
    "fields": {
        "user": 26,
        "token": "14a716cb-64b4-4660-8af8-55b3136d7bb5",
        "created": "2023-03-22T16:41:27.961Z",
        "expire": "2023-03-23T04:41:27.960Z"
    }
},
{
    "model": "users.activationtoken",
    "pk": 19,
    "fields": {
        "user": 27,
        "token": "f0bc773b-5b18-4b12-b66b-7fe6bf30f841",
        "created": "2023-03-22T16:43:36.231Z",
        "expire": "2023-03-23T04:43:36.230Z"
    }
},
{
    "model": "users.activationtoken",
    "pk": 20,
    "fields": {
        "user": 29,
        "token": "1e9879bf-7125-44d8-aed7-23a46dd2a60c",
        "created": "2023-03-22T20:20:28.323Z",
        "expire": "2023-03-23T08:20:28.323Z"
    }
},
{
    "model": "users.activationtoken",
    "pk": 21,
    "fields": {
        "user": 30,
        "token": "537fccb0-382a-462d-951a-b4feeb9acf8f",
        "created": "2023-03-22T20:23:11.895Z",
        "expire": "2023-03-23T08:23:11.894Z"
    }
},
{
    "model": "users.activationtoken",
    "pk": 22,
    "fields": {
        "user": 31,
        "token": "476a07ad-9461-4171-b8a4-de2b5ce4f5c7",
        "created": "2023-03-23T14:48:15.900Z",
        "expire": "2023-03-24T02:48:15.900Z"
    }
},
{
    "model": "users.activationtoken",
    "pk": 23,
    "fields": {
        "user": 33,
        "token": "e20e4fc3-0398-4b43-8ee9-7795c922f4dc",
        "created": "2023-03-23T16:26:57.899Z",
        "expire": "2023-03-24T04:26:57.899Z"
    }
},
{
    "model": "users.activationtoken",
    "pk": 24,
    "fields": {
        "user": 34,
        "token": "09f521dc-245b-4cd3-8f44-6b184ba4bbb9",
        "created": "2023-03-23T16:37:39.029Z",
        "expire": "2023-03-24T04:37:39.028Z"
    }
}
]
