[
{
    "model": "auth.user",
    "pk": 1,
    "fields": {
        "password": "pbkdf2_sha256$260000$PPHsATtBX0OAwjz4FlZ7gm$cPANtbsFSefZrkf6kyKtEUZEGtrBTSCPcBEgFd1YGCU=",
        "last_login": "2023-03-25T15:31:56.813Z",
        "is_superuser": true,
        "username": "senyaborodulin",
        "first_name": "Арсений",
        "last_name": "Бородулин",
        "email": "Senya.borodulin@mail.ru",
        "is_staff": true,
        "is_active": true,
        "date_joined": "2023-02-28T20:04:17Z",
        "groups": [],
        "user_permissions": []
    }
},
{
    "model": "auth.user",
    "pk": 2,
    "fields": {
        "password": "pbkdf2_sha256$260000$vLWN5uL7UDL9VR6AUuWLk5$wYi0Z7RbG+oxOkJWPT6jLv1i5V2YjQmm4it7OoX2hv8=",
        "last_login": null,
        "is_superuser": false,
        "username": "33213",
        "first_name": "",
        "last_name": "",
        "email": "321312@mail.ru",
        "is_staff": false,
        "is_active": false,
        "date_joined": "2023-03-22T12:48:05.320Z",
        "groups": [],
        "user_permissions": []
    }
},
{
    "model": "auth.user",
    "pk": 11,
    "fields": {
        "password": "pbkdf2_sha256$260000$vm2J7a2ElKHc1PjATKQmdy$OtQDwd26VsCrmaeojlETtB2yQQoOb3Kb/fbflCWmmsA=",
        "last_login": null,
        "is_superuser": false,
        "username": "senya4321",
        "first_name": "",
        "last_name": "",
        "email": "1@mail.ru",
        "is_staff": false,
        "is_active": false,
        "date_joined": "2023-03-22T13:15:57.337Z",
        "groups": [],
        "user_permissions": []
    }
},
{
    "model": "auth.user",
    "pk": 12,
    "fields": {
        "password": "pbkdf2_sha256$260000$a1jOtVJvRlGHe4h2dv88wa$6mNaCsOMafKuITzxLImsE24Ef1O9ShHsjkahFCsA678=",
        "last_login": null,
        "is_superuser": false,
        "username": "senyap",
        "first_name": "",
        "last_name": "",
        "email": "2@mail.ru",
        "is_staff": false,
        "is_active": false,
        "date_joined": "2023-03-22T13:20:28.857Z",
        "groups": [],
        "user_permissions": []
    }
},
{
    "model": "auth.user",
    "pk": 13,
    "fields": {
        "password": "pbkdf2_sha256$260000$iFfCd2Ar2D3luWaOsXkiIz$gXQbGjdgA8U69slH0FESfw5yBffNnBIakWyN7c2iTrc=",
        "last_login": null,
        "is_superuser": false,
        "username": "senyabor",
        "first_name": "",
        "last_name": "",
        "email": "4@mail.ru",
        "is_staff": false,
        "is_active": false,
        "date_joined": "2023-03-22T13:21:18.071Z",
        "groups": [],
        "user_permissions": []
    }
},
{
    "model": "auth.user",
    "pk": 14,
    "fields": {
        "password": "pbkdf2_sha256$260000$Q2FNEqA3GKw1fsQcpQr1Zs$HqRS5m+YEtwqoS8bLZvg7j4ZyicqENwbtLlNHMt4C54=",
        "last_login": null,
        "is_superuser": false,
        "username": "senyab",
        "first_name": "",
        "last_name": "",
        "email": "3@mail.ru",
        "is_staff": false,
        "is_active": false,
        "date_joined": "2023-03-22T13:21:44.080Z",
        "groups": [],
        "user_permissions": []
    }
},
{
    "model": "auth.user",
    "pk": 15,
    "fields": {
        "password": "pbkdf2_sha256$260000$i3xlYKpOlNJg2mwVayTjnl$RM6V7yPA9FFcEctJgPbWMgvyO4lKNlpkN1VwnWLJM2I=",
        "last_login": null,
        "is_superuser": false,
        "username": "deadg",
        "first_name": "",
        "last_name": "",
        "email": "5@mail.ru",
        "is_staff": false,
        "is_active": false,
        "date_joined": "2023-03-22T13:33:55.132Z",
        "groups": [],
        "user_permissions": []
    }
},
{
    "model": "auth.user",
    "pk": 16,
    "fields": {
        "password": "pbkdf2_sha256$260000$I9nKPvmdYe8ZOSuWBgmwaI$NqrOR9/OxKW7XegpYY6na4qZJr1342qLsDzunZzqqh0=",
        "last_login": null,
        "is_superuser": false,
        "username": "321312",
        "first_name": "",
        "last_name": "",
        "email": "6@mail.ru",
        "is_staff": false,
        "is_active": false,
        "date_joined": "2023-03-22T13:34:56.908Z",
        "groups": [],
        "user_permissions": []
    }
},
{
    "model": "auth.user",
    "pk": 17,
    "fields": {
        "password": "pbkdf2_sha256$260000$U14lxqN3t8L6b9F1ngVvH2$xuZ5nzYusc9PaRNmahiD46dAkoLUz6YNZL03UAJ4/k0=",
        "last_login": null,
        "is_superuser": false,
        "username": "3213121",
        "first_name": "",
        "last_name": "",
        "email": "7@mail.ru",
        "is_staff": false,
        "is_active": false,
        "date_joined": "2023-03-22T13:35:18.799Z",
        "groups": [],
        "user_permissions": []
    }
},
{
    "model": "auth.user",
    "pk": 18,
    "fields": {
        "password": "pbkdf2_sha256$260000$qGFl1uvE1BFRm9stMTqrdE$jnBsIdXFwdsPb/XoxSoiowVsIJDGDtiu2bxlW43Yvtg=",
        "last_login": null,
        "is_superuser": false,
        "username": "321312132131",
        "first_name": "",
        "last_name": "",
        "email": "8@mail.ru",
        "is_staff": false,
        "is_active": false,
        "date_joined": "2023-03-22T13:36:47.166Z",
        "groups": [],
        "user_permissions": []
    }
},
{
    "model": "auth.user",
    "pk": 19,
    "fields": {
        "password": "pbkdf2_sha256$260000$xsyhg7F3uUJtvhibreEzsq$UinU9w56ppXSzzYWTl03wENwE3YWe5T/DgShb744LxY=",
        "last_login": null,
        "is_superuser": false,
        "username": "3213121321311",
        "first_name": "",
        "last_name": "",
        "email": "9@mail.ru",
        "is_staff": false,
        "is_active": false,
        "date_joined": "2023-03-22T13:37:14.470Z",
        "groups": [],
        "user_permissions": []
    }
},
{
    "model": "auth.user",
    "pk": 20,
    "fields": {
        "password": "pbkdf2_sha256$260000$LibJ09YxqH8l3q3YLpflhP$vT729bwp427OIDEjbleKv2RT5itm0NiTHDA/O6LqizM=",
        "last_login": null,
        "is_superuser": false,
        "username": "32133211",
        "first_name": "",
        "last_name": "",
        "email": "10@mail.ru",
        "is_staff": false,
        "is_active": false,
        "date_joined": "2023-03-22T14:07:04.939Z",
        "groups": [],
        "user_permissions": []
    }
},
{
    "model": "auth.user",
    "pk": 21,
    "fields": {
        "password": "pbkdf2_sha256$260000$VUTbodwo85qaPbj2EUXwzS$G+zc/4DWTIbIrBH5V7Tw25SqUi6gEZggvknIAA9H4W0=",
        "last_login": null,
        "is_superuser": false,
        "username": "321332113123",
        "first_name": "",
        "last_name": "",
        "email": "11@mail.ru",
        "is_staff": false,
        "is_active": false,
        "date_joined": "2023-03-22T14:07:52.455Z",
        "groups": [],
        "user_permissions": []
    }
},
{
    "model": "auth.user",
    "pk": 22,
    "fields": {
        "password": "pbkdf2_sha256$260000$HRi6pNjxvZ5ndUjwIqdXOK$iryy3Qilcu8iRxJIsnTEX6IvN/wS1bR7Us4o3TBUAMU=",
        "last_login": null,
        "is_superuser": false,
        "username": "Arseniy",
        "first_name": "",
        "last_name": "",
        "email": "12@mail.ru",
        "is_staff": false,
        "is_active": false,
        "date_joined": "2023-03-22T16:13:21.018Z",
        "groups": [],
        "user_permissions": []
    }
},
{
    "model": "auth.user",
    "pk": 23,
    "fields": {
        "password": "pbkdf2_sha256$260000$eNPG5Ss2TdhNldhEPNhpEo$9A67XjF2FG2z8sZ5oN5YlRn95/DXcl9owIHgPEPy5CE=",
        "last_login": null,
        "is_superuser": false,
        "username": "dead",
        "first_name": "",
        "last_name": "",
        "email": "13@mail.ru",
        "is_staff": false,
        "is_active": false,
        "date_joined": "2023-03-22T16:15:29.731Z",
        "groups": [],
        "user_permissions": []
    }
},
{
    "model": "auth.user",
    "pk": 24,
    "fields": {
        "password": "pbkdf2_sha256$260000$uyMmeZLuanJQrYfFwCizbh$Vq//CE7VZFDsEXe29gQVSsYXH6J0ECW9DW1RU5W8H8U=",
        "last_login": null,
        "is_superuser": false,
        "username": "dsadasd",
        "first_name": "",
        "last_name": "",
        "email": "14@mail.ru",
        "is_staff": false,
        "is_active": false,
        "date_joined": "2023-03-22T16:33:03.836Z",
        "groups": [],
        "user_permissions": []
    }
},
{
    "model": "auth.user",
    "pk": 25,
    "fields": {
        "password": "pbkdf2_sha256$260000$R0sn7wPnkdfB5LdHYyuMJP$vaHrMSnhoqfREcppQKA7eOqFlr3Rydgz3iC6+pZZ+NY=",
        "last_login": null,
        "is_superuser": false,
        "username": "12312312321",
        "first_name": "",
        "last_name": "",
        "email": "15@mail.ru",
        "is_staff": false,
        "is_active": false,
        "date_joined": "2023-03-22T16:37:39.093Z",
        "groups": [],
        "user_permissions": []
    }
},
{
    "model": "auth.user",
    "pk": 26,
    "fields": {
        "password": "pbkdf2_sha256$260000$YHo9AXNsqFAx4aabmKaiXK$ThhuMBA5EZ5fw7Fukg1bSXtQFM33Y3KSNqJcGX7TDDE=",
        "last_login": null,
        "is_superuser": false,
        "username": "25434667senya",
        "first_name": "",
        "last_name": "",
        "email": "16@mail.ru",
        "is_staff": false,
        "is_active": false,
        "date_joined": "2023-03-22T16:41:27.678Z",
        "groups": [],
        "user_permissions": []
    }
},
{
    "model": "auth.user",
    "pk": 27,
    "fields": {
        "password": "pbkdf2_sha256$260000$3MA4ClezeP0henQ7GtyYf8$UkojglSCxyKVqpCAoMxffT3Nq3vT/Bb3WvgDKO2fP20=",
        "last_login": null,
        "is_superuser": false,
        "username": "dsad",
        "first_name": "",
        "last_name": "",
        "email": "17@mail.ru",
        "is_staff": false,
        "is_active": true,
        "date_joined": "2023-03-22T16:43:35.891Z",
        "groups": [],
        "user_permissions": []
    }
},
{
    "model": "auth.user",
    "pk": 28,
    "fields": {
        "password": "",
        "last_login": null,
        "is_superuser": false,
        "username": "",
        "first_name": "Арсений",
        "last_name": "Бородулин",
        "email": "18@mail.ru",
        "is_staff": false,
        "is_active": false,
        "date_joined": "2023-03-22T19:37:14.564Z",
        "groups": [],
        "user_permissions": []
    }
},
{
    "model": "auth.user",
    "pk": 29,
    "fields": {
        "password": "pbkdf2_sha256$260000$JMxFkjyctauYHNKcVNWhMC$qsS3RA5N13NOplqdUTOtTGpg7L9j34spGob2H3uNhgA=",
        "last_login": null,
        "is_superuser": false,
        "username": "deadghouI",
        "first_name": "",
        "last_name": "",
        "email": "19@mail.ru",
        "is_staff": false,
        "is_active": false,
        "date_joined": "2023-03-22T20:20:27.878Z",
        "groups": [],
        "user_permissions": []
    }
},
{
    "model": "auth.user",
    "pk": 30,
    "fields": {
        "password": "pbkdf2_sha256$260000$jXFEZGzBhUCMz89ADaUhmR$Wh4SBNlJ3jRchQk4pLj4q7SLf4+okOXt6empLxEMoEk=",
        "last_login": null,
        "is_superuser": false,
        "username": "dedadadaadda",
        "first_name": "",
        "last_name": "",
        "email": "20@mail.rup",
        "is_staff": false,
        "is_active": true,
        "date_joined": "2023-03-22T20:23:11.310Z",
        "groups": [],
        "user_permissions": []
    }
},
{
    "model": "auth.user",
    "pk": 31,
    "fields": {
        "password": "pbkdf2_sha256$260000$Dkglpm1MXongjunM5raFjs$FjYvLuyEsN80YPBpkox3Ams/pYT3hkpf8Il779wU5LU=",
        "last_login": "2023-03-23T14:50:26.314Z",
        "is_superuser": false,
        "username": "senyaborodulin1",
        "first_name": "",
        "last_name": "",
        "email": "googledanilaereminsenior@google.com",
        "is_staff": false,
        "is_active": true,
        "date_joined": "2023-03-23T14:48:15.389Z",
        "groups": [],
        "user_permissions": []
    }
},
{
    "model": "auth.user",
    "pk": 32,
    "fields": {
        "password": "pbkdf2_sha256$260000$xzt3Hyu4ofzch2hNQ9GTU3$hMkojLhw0ameRQa3+PGrpe4Aflz6893lJXLAy+LQ9C4=",
        "last_login": null,
        "is_superuser": false,
        "username": "dadada",
        "first_name": "",
        "last_name": "",
        "email": "dadada@mail.ru",
        "is_staff": false,
        "is_active": true,
        "date_joined": "2023-03-23T16:15:16.029Z",
        "groups": [],
        "user_permissions": []
    }
},
{
    "model": "auth.user",
    "pk": 33,
    "fields": {
        "password": "pbkdf2_sha256$260000$lYKnCchtPsWOa4oD7vde0q$OYdIZKIGtB2JGKG267tUqWQPPTHrs7+5UQKagkQmQaI=",
        "last_login": null,
        "is_superuser": false,
        "username": "dadadada",
        "first_name": "",
        "last_name": "",
        "email": "dadadada@mail.ru",
        "is_staff": false,
        "is_active": true,
        "date_joined": "2023-03-23T16:26:57.274Z",
        "groups": [],
        "user_permissions": []
    }
},
{
    "model": "auth.user",
    "pk": 34,
    "fields": {
        "password": "pbkdf2_sha256$260000$nrFMUATFlUc6Inixj8uzDj$vzonXjZJFQmXW3f9UYuUefl+YpnP7qk+eAxSXa7phyc=",
        "last_login": null,
        "is_superuser": false,
        "username": "dada",
        "first_name": "",
        "last_name": "",
        "email": "da.da@gmail.com",
        "is_staff": false,
        "is_active": true,
        "date_joined": "2023-03-23T16:37:37.995Z",
        "groups": [],
        "user_permissions": []
    }
},
{
    "model": "catalog.tag",
    "pk": 1,
    "fields": {
        "is_published": true,
        "name": "Популярное",
        "slug": "tag1",
        "normalized_name": "ПOПУЛЯPHOE"
    }
},
{
    "model": "catalog.tag",
    "pk": 2,
    "fields": {
        "is_published": true,
        "name": "Горячо",
        "slug": "tag2",
        "normalized_name": "ГOPЯЧO"
    }
},
{
    "model": "catalog.tag",
    "pk": 3,
    "fields": {
        "is_published": true,
        "name": "Новогодний подарок",
        "slug": "tag3",
        "normalized_name": "HOBOГOДHИЙПOДAPOK"
    }
},
{
    "model": "catalog.tag",
    "pk": 4,
    "fields": {
        "is_published": true,
        "name": "Акция",
        "slug": "tag4",
        "normalized_name": "AKЦИЯ"
    }
},
{
    "model": "catalog.tag",
    "pk": 5,
    "fields": {
        "is_published": true,
        "name": "Прекрасный",
        "slug": "tag5",
        "normalized_name": "ПPEKPACHЫЙ"
    }
},
{
    "model": "catalog.tag",
    "pk": 6,
    "fields": {
        "is_published": true,
        "name": "злой",
        "slug": "angry",
        "normalized_name": "ЗЛOЙ"
    }
},
{
    "model": "catalog.category",
    "pk": 1,
    "fields": {
        "is_published": true,
        "name": "Основные",
        "slug": "cat1",
        "normalized_name": "OCHOBHЫE",
        "weight": 100
    }
},
{
    "model": "catalog.category",
    "pk": 2,
    "fields": {
        "is_published": true,
        "name": "Котята",
        "slug": "cat",
        "normalized_name": "KOTЯTA",
        "weight": 100
    }
},
{
    "model": "catalog.photogallery",
    "pk": 1,
    "fields": {
        "image": "uploads/catalog/items_gallery/123.gif",
        "item": 2
    }
},
{
    "model": "catalog.photogallery",
    "pk": 2,
    "fields": {
        "image": "uploads/catalog/items_gallery/9c49073b-45a7-4ab0-9574-b0cd56e884d1.gif",
        "item": 3
    }
},
{
    "model": "catalog.item",
    "pk": 2,
    "fields": {
        "is_published": true,
        "name": "чайник",
        "image": "uploads/catalog/items_gallery/dbc838ff-4af6-4564-b6db-315dcffd03f9.jpg",
        "text": "<p>Не только согреет вашу попу но и скрасит ваши рутинные дни превосходно</p>",
        "category": 2,
        "is_on_main": false,
        "last_edit_date": "2023-03-09T15:21:55.129Z",
        "creation_date": "2023-03-09T15:21:55.120Z",
        "tags": [
            1,
            3,
            5
        ]
    }
},
{
    "model": "catalog.item",
    "pk": 3,
    "fields": {
        "is_published": true,
        "name": "редан",
        "image": "uploads/catalog/items_gallery/d9cafeb1-7b57-4f27-ba2c-4f41a9a87b23.jpg",
        "text": "<p>запрети мне носить редан в нём я паук в нём все меня боятся превосходно</p>",
        "category": 1,
        "is_on_main": true,
        "last_edit_date": "2023-03-09T15:21:55.129Z",
        "creation_date": "2023-03-09T15:21:55.120Z",
        "tags": [
            1,
            3,
            4
        ]
    }
},
{
    "model": "catalog.item",
    "pk": 4,
    "fields": {
        "is_published": true,
        "name": "котик",
        "image": "uploads/catalog/items_gallery/62c72330-df55-4460-b887-07bf665ca9f1.jpg",
        "text": "<p>Превосходно дополнит ваши уютные вечера своим злым взглядом</p>",
        "category": 2,
        "is_on_main": true,
        "last_edit_date": "2023-03-09T15:21:55.129Z",
        "creation_date": "2023-03-09T15:21:55.120Z",
        "tags": [
            3,
            5,
            6
        ]
    }
},
{
    "model": "catalog.item",
    "pk": 5,
    "fields": {
        "is_published": true,
        "name": "котёнок кузя",
        "image": "uploads/catalog/items_gallery/6eae1e29-86e5-4f1a-aee0-4f768c0961d6.jpg",
        "text": "<p>Роскошный пледик идёт в комплекте. Превосходно сочетается с цветом шерсти котика благодаря чему вы можете укутать его в этот плед и не потеряете</p>",
        "category": 2,
        "is_on_main": true,
        "last_edit_date": "2023-03-09T15:21:55.129Z",
        "creation_date": "2023-03-09T15:21:55.120Z",
        "tags": [
            1,
            3,
            5
        ]
    }
},
{
    "model": "catalog.item",
    "pk": 6,
    "fields": {
        "is_published": true,
        "name": "черныш",
        "image": "uploads/catalog/items_gallery/f8446d74-63f0-4b6d-8eb7-4efdcf419a27.jpg",
        "text": "<p>хаха я вас обманул он не чёрный превосходно</p>",
        "category": 2,
        "is_on_main": true,
        "last_edit_date": "2023-03-09T15:21:55.129Z",
        "creation_date": "2023-03-09T15:21:55.120Z",
        "tags": [
            2,
            6
        ]
    }
},
{
    "model": "catalog.item",
    "pk": 7,
    "fields": {
        "is_published": true,
        "name": "любитель пуджа",
        "image": "uploads/catalog/items_gallery/8ef82bf5-b054-4ad7-86aa-f6abe287ef51.jpg",
        "text": "<p>превосходно метает крюки и играет против крипочков 1000 ранга</p>",
        "category": 1,
        "is_on_main": true,
        "last_edit_date": "2023-03-09T16:47:29.898Z",
        "creation_date": "2023-03-09T16:47:29.898Z",
        "tags": [
            1,
            2,
            3,
            5
        ]
    }
},
{
    "model": "catalog.item",
    "pk": 8,
    "fields": {
        "is_published": true,
        "name": "пятница",
        "image": "uploads/catalog/items_gallery/330a6389-b75b-431d-a75b-efdbeda037df.jpg",
        "text": "<p><strong>превосходно, можно выпить ура победа 123</strong></p>",
        "category": 1,
        "is_on_main": false,
        "last_edit_date": "2023-03-10T18:55:48.312Z",
        "creation_date": "2023-03-10T18:54:44.980Z",
        "tags": [
            1,
            2
        ]
    }
},
{
    "model": "feedback.sender",
    "pk": 1,
    "fields": {
        "name": "Арсений Бородулин",
        "email": "Senya.borodulin@mail.ru",
        "first_feedback": "2023-03-14T15:13:56.806Z"
    }
},
{
    "model": "feedback.sender",
    "pk": 2,
    "fields": {
        "name": "12312",
        "email": "3213123@dfasf.ru",
        "first_feedback": "2023-03-22T23:33:30.050Z"
    }
},
{
    "model": "feedback.feedback",
    "pk": 1,
    "fields": {
        "sender": 1,
        "text": "hello world!",
        "processing_status": "('received', 'получено')",
        "created_at": "2023-03-14T15:13:56.970Z"
    }
},
{
    "model": "feedback.feedback",
    "pk": 2,
    "fields": {
        "sender": 1,
        "text": "hello world!",
        "processing_status": "('received', 'получено')",
        "created_at": "2023-03-14T15:16:23.052Z"
    }
},
{
    "model": "feedback.feedback",
    "pk": 3,
    "fields": {
        "sender": 1,
        "text": "hello world!",
        "processing_status": "('received', 'получено')",
        "created_at": "2023-03-14T15:43:25.121Z"
    }
},
{
    "model": "feedback.feedback",
    "pk": 4,
    "fields": {
        "sender": 1,
        "text": "hello world!",
        "processing_status": "('received', 'получено')",
        "created_at": "2023-03-14T15:43:30.370Z"
    }
},
{
    "model": "feedback.feedback",
    "pk": 5,
    "fields": {
        "sender": 1,
        "text": "hello world!",
        "processing_status": "('received', 'получено')",
        "created_at": "2023-03-14T15:45:01.887Z"
    }
},
{
    "model": "feedback.feedback",
    "pk": 6,
    "fields": {
        "sender": 1,
        "text": "hello world!",
        "processing_status": "('received', 'получено')",
        "created_at": "2023-03-14T15:45:09.180Z"
    }
},
{
    "model": "feedback.feedback",
    "pk": 7,
    "fields": {
        "sender": 1,
        "text": "hello world!",
        "processing_status": "('received', 'получено')",
        "created_at": "2023-03-14T15:45:19.386Z"
    }
},
{
    "model": "feedback.feedback",
    "pk": 8,
    "fields": {
        "sender": 1,
        "text": "hello world!",
        "processing_status": "('received', 'получено')",
        "created_at": "2023-03-14T15:45:43.038Z"
    }
},
{
    "model": "feedback.feedback",
    "pk": 9,
    "fields": {
        "sender": 1,
        "text": "hello world!",
        "processing_status": "('received', 'получено')",
        "created_at": "2023-03-14T15:47:11.735Z"
    }
},
{
    "model": "feedback.feedback",
    "pk": 10,
    "fields": {
        "sender": 1,
        "text": "hello world!",
        "processing_status": "('received', 'получено')",
        "created_at": "2023-03-14T15:47:17.155Z"
    }
},
{
    "model": "feedback.feedback",
    "pk": 11,
    "fields": {
        "sender": 1,
        "text": "hello world!",
        "processing_status": "('received', 'получено')",
        "created_at": "2023-03-14T15:48:21.787Z"
    }
},
{
    "model": "feedback.feedback",
    "pk": 12,
    "fields": {
        "sender": 1,
        "text": "hello world!",
        "processing_status": "('received', 'получено')",
        "created_at": "2023-03-14T15:48:46.738Z"
    }
},
{
    "model": "feedback.feedback",
    "pk": 13,
    "fields": {
        "sender": 1,
        "text": "hello world!",
        "processing_status": "('received', 'получено')",
        "created_at": "2023-03-14T15:49:47.721Z"
    }
},
{
    "model": "feedback.feedback",
    "pk": 14,
    "fields": {
        "sender": 1,
        "text": "hello world!",
        "processing_status": "('received', 'получено')",
        "created_at": "2023-03-14T15:51:24.758Z"
    }
},
{
    "model": "feedback.feedback",
    "pk": 15,
    "fields": {
        "sender": 1,
        "text": "hello world!",
        "processing_status": "('received', 'получено')",
        "created_at": "2023-03-14T15:51:43.790Z"
    }
},
{
    "model": "feedback.feedback",
    "pk": 16,
    "fields": {
        "sender": 1,
        "text": "hello world!",
        "processing_status": "('received', 'получено')",
        "created_at": "2023-03-14T15:52:33.687Z"
    }
},
{
    "model": "feedback.feedback",
    "pk": 17,
    "fields": {
        "sender": 1,
        "text": "hello world!",
        "processing_status": "('received', 'получено')",
        "created_at": "2023-03-14T15:53:08.897Z"
    }
},
{
    "model": "feedback.feedback",
    "pk": 18,
    "fields": {
        "sender": 1,
        "text": "hello world!",
        "processing_status": "('received', 'получено')",
        "created_at": "2023-03-14T15:53:53.233Z"
    }
},
{
    "model": "feedback.feedback",
    "pk": 19,
    "fields": {
        "sender": 1,
        "text": "hello world!",
        "processing_status": "received",
        "created_at": "2023-03-15T17:53:55.452Z"
    }
},
{
    "model": "feedback.feedback",
    "pk": 20,
    "fields": {
        "sender": 1,
        "text": "hello world!",
        "processing_status": "received",
        "created_at": "2023-03-15T17:56:37.311Z"
    }
},
{
    "model": "feedback.feedback",
    "pk": 21,
    "fields": {
        "sender": 1,
        "text": "3213123",
        "processing_status": "received",
        "created_at": "2023-03-15T18:38:07.263Z"
    }
},
{
    "model": "feedback.feedback",
    "pk": 22,
    "fields": {
        "sender": 1,
        "text": "3213123",
        "processing_status": "received",
        "created_at": "2023-03-15T18:41:00.519Z"
    }
},
{
    "model": "feedback.feedback",
    "pk": 23,
    "fields": {
        "sender": 1,
        "text": "3213123",
        "processing_status": "received",
        "created_at": "2023-03-15T18:41:29.879Z"
    }
},
{
    "model": "feedback.feedback",
    "pk": 24,
    "fields": {
        "sender": 1,
        "text": "3213123",
        "processing_status": "received",
        "created_at": "2023-03-15T18:41:45.028Z"
    }
},
{
    "model": "feedback.feedback",
    "pk": 25,
    "fields": {
        "sender": 1,
        "text": "3213123",
        "processing_status": "received",
        "created_at": "2023-03-15T19:02:44.464Z"
    }
},
{
    "model": "feedback.feedback",
    "pk": 26,
    "fields": {
        "sender": 1,
        "text": "3213123",
        "processing_status": "received",
        "created_at": "2023-03-15T19:03:54.138Z"
    }
},
{
    "model": "feedback.feedback",
    "pk": 27,
    "fields": {
        "sender": 1,
        "text": "3213123",
        "processing_status": "received",
        "created_at": "2023-03-15T19:04:05.795Z"
    }
},
{
    "model": "feedback.feedback",
    "pk": 28,
    "fields": {
        "sender": 1,
        "text": "3213123",
        "processing_status": "received",
        "created_at": "2023-03-15T19:04:21.730Z"
    }
},
{
    "model": "feedback.feedback",
    "pk": 29,
    "fields": {
        "sender": 1,
        "text": "3213123",
        "processing_status": "received",
        "created_at": "2023-03-15T19:07:59.818Z"
    }
},
{
    "model": "feedback.feedback",
    "pk": 30,
    "fields": {
        "sender": 1,
        "text": "3213123",
        "processing_status": "received",
        "created_at": "2023-03-15T19:08:26.818Z"
    }
},
{
    "model": "feedback.feedback",
    "pk": 31,
    "fields": {
        "sender": 1,
        "text": "how can i improve",
        "processing_status": "received",
        "created_at": "2023-03-15T19:09:57.417Z"
    }
},
{
    "model": "feedback.feedback",
    "pk": 32,
    "fields": {
        "sender": 1,
        "text": "how can i improve",
        "processing_status": "received",
        "created_at": "2023-03-15T19:10:04.275Z"
    }
},
{
    "model": "feedback.feedback",
    "pk": 33,
    "fields": {
        "sender": 1,
        "text": "how can i improve",
        "processing_status": "received",
        "created_at": "2023-03-15T19:14:37.721Z"
    }
},
{
    "model": "feedback.feedback",
    "pk": 34,
    "fields": {
        "sender": 1,
        "text": "how can i improve",
        "processing_status": "received",
        "created_at": "2023-03-15T19:14:46.305Z"
    }
},
{
    "model": "feedback.feedback",
    "pk": 35,
    "fields": {
        "sender": 1,
        "text": "how can i improve",
        "processing_status": "received",
        "created_at": "2023-03-15T19:28:56.720Z"
    }
},
{
    "model": "feedback.feedback",
    "pk": 36,
    "fields": {
        "sender": 1,
        "text": "how can i improve",
        "processing_status": "received",
        "created_at": "2023-03-15T19:29:16.137Z"
    }
},
{
    "model": "feedback.feedback",
    "pk": 37,
    "fields": {
        "sender": 1,
        "text": "how can i improve",
        "processing_status": "received",
        "created_at": "2023-03-15T19:30:19.410Z"
    }
},
{
    "model": "feedback.feedback",
    "pk": 38,
    "fields": {
        "sender": 1,
        "text": "idk how to do it",
        "processing_status": "received",
        "created_at": "2023-03-15T19:30:31.669Z"
    }
},
{
    "model": "feedback.feedback",
    "pk": 39,
    "fields": {
        "sender": 2,
        "text": "3213123",
        "processing_status": "received",
        "created_at": "2023-03-22T23:33:30.398Z"
    }
},
{
    "model": "feedback.feedbackfiles",
    "pk": 1,
    "fields": {
        "feedback": 14,
        "file": "uploads/feedback/1/14/690734d9-c1a0-46af-8bf1-c33fbe5166fc"
    }
},
{
    "model": "feedback.feedbackfiles",
    "pk": 2,
    "fields": {
        "feedback": 14,
        "file": "uploads/feedback/1/14/83df710e-aab7-443b-b357-8ec45542c9a2"
    }
},
{
    "model": "feedback.feedbackfiles",
    "pk": 3,
    "fields": {
        "feedback": 15,
        "file": "uploads/feedback/1/15/4363bc87-007d-4610-9c4d-e4fd3ccc9c68.jpg"
    }
},
{
    "model": "feedback.feedbackfiles",
    "pk": 4,
    "fields": {
        "feedback": 15,
        "file": "uploads/feedback/1/15/dca39c50-057c-4a83-a76f-207348bfcfe7.jpg"
    }
},
{
    "model": "feedback.feedbackfiles",
    "pk": 5,
    "fields": {
        "feedback": 16,
        "file": "uploads/feedback/user_1/feedback_16/dee87ef6-b3f6-425c-a574-d3831dc0fda3.jpg"
    }
},
{
    "model": "feedback.feedbackfiles",
    "pk": 6,
    "fields": {
        "feedback": 16,
        "file": "uploads/feedback/user_1/feedback_16/13405773-3362-4371-bafc-fd7b06311708.jpg"
    }
},
{
    "model": "feedback.feedbackfiles",
    "pk": 7,
    "fields": {
        "feedback": 17,
        "file": "uploads/feedback/user_1/feedback_17/6268a761-1a81-4231-9374-fa7f66626d1e.jpg"
    }
},
{
    "model": "feedback.feedbackfiles",
    "pk": 8,
    "fields": {
        "feedback": 32,
        "file": "uploads/feedback/user_1/feedback_32/d0dcb184-bd50-4763-950b-a772a2e68da0.jpg"
    }
},
{
    "model": "feedback.feedbackfiles",
    "pk": 9,
    "fields": {
        "feedback": 33,
        "file": "uploads/feedback/user_1/feedback_33/3035d59c-f45f-4aa8-b070-c03f2b4949c1.jpg"
    }
},
{
    "model": "feedback.feedbackfiles",
    "pk": 10,
    "fields": {
        "feedback": 34,
        "file": "uploads/feedback/user_1/feedback_34/b3ecdae7-4103-4e1a-b32b-9b3cb338c218.jpg"
    }
},
{
    "model": "feedback.feedbackfiles",
    "pk": 11,
    "fields": {
        "feedback": 35,
        "file": "uploads/feedback/user_1/feedback_35/1538c5a4-5fe1-434b-88b4-f6f47f060c1c.jpg"
    }
},
{
    "model": "feedback.feedbackfiles",
    "pk": 12,
    "fields": {
        "feedback": 36,
        "file": "uploads/feedback/user_1/feedback_36/fe1d08da-3aa2-4465-b0f5-323f30ba8809.jpg"
    }
},
{
    "model": "feedback.feedbackfiles",
    "pk": 13,
    "fields": {
        "feedback": 37,
        "file": "uploads/feedback/user_1/feedback_37/b0b2f872-0e8c-4540-804a-d54888fe222d.jpg"
    }
},
{
    "model": "feedback.feedbackfiles",
    "pk": 14,
    "fields": {
        "feedback": 39,
        "file": "uploads/feedback/user_2/feedback_39/46c1c8cc-c318-4650-97d6-3a330f2bece5.gif"
    }
},
{
    "model": "feedback.feedbackfiles",
    "pk": 15,
    "fields": {
        "feedback": 39,
        "file": "uploads/feedback/user_2/feedback_39/86997a53-2098-4dce-8dae-49764308c9fe.jpg"
    }
},
{
    "model": "users.profile",
    "pk": 2,
    "fields": {
        "user": 1,
        "birthday": "2023-03-02",
        "avatar": "uploads/cat.jpg",
        "coffee_count": 2,
        "about": null,
        "normalized_email": "senya.borodulin@mail.ru",
        "failed_attemps": 0
    }
},
{
    "model": "users.profile",
    "pk": 3,
    "fields": {
        "user": 27,
        "birthday": null,
        "avatar": "uploads/cat.jpg",
        "coffee_count": 0,
        "about": null,
        "normalized_email": null,
        "failed_attemps": 0
    }
},
{
    "model": "users.profile",
    "pk": 4,
    "fields": {
        "user": 30,
        "birthday": null,
        "avatar": "uploads/cat.jpg",
        "coffee_count": 0,
        "about": null,
        "normalized_email": null,
        "failed_attemps": 0
    }
},
{
    "model": "users.profile",
    "pk": 5,
    "fields": {
        "user": 33,
        "birthday": null,
        "avatar": "uploads/cat.jpg",
        "coffee_count": 0,
        "about": null,
        "normalized_email": null,
        "failed_attemps": 0
    }
},
{
    "model": "users.profile",
    "pk": 6,
    "fields": {
        "user": 34,
        "birthday": null,
        "avatar": "uploads/cat.jpg",
        "coffee_count": 0,
        "about": null,
        "normalized_email": "dada@gmail.com",
        "failed_attemps": 0
    }
},
{
    "model": "users.profile",
    "pk": 7,
    "fields": {
        "user": 31,
        "birthday": null,
        "avatar": "uploads/cat.jpg",
        "coffee_count": 0,
        "about": null,
        "normalized_email": null,
        "failed_attemps": 0
    }
},
{
    "model": "users.profile",
    "pk": 8,
    "fields": {
        "user": 32,
        "birthday": null,
        "avatar": "uploads/cat.jpg",
        "coffee_count": 0,
        "about": null,
        "normalized_email": null,
        "failed_attemps": 0
    }
},
{
    "model": "users.activationtoken",
    "pk": 11,
    "fields": {
        "user": 19,
        "token": "d087da6d-586d-42c9-a866-11a4c3a63c7d",
        "created": "2023-03-22T13:37:14.936Z",
        "expire": "2023-03-23T01:37:14.936Z"
    }
},
{
    "model": "users.activationtoken",
    "pk": 12,
    "fields": {
        "user": 20,
        "token": "21d1435e-9668-4c39-81ec-e59fa89241f2",
        "created": "2023-03-22T14:07:05.270Z",
        "expire": "2023-03-23T02:07:05.269Z"
    }
},
{
    "model": "users.activationtoken",
    "pk": 14,
    "fields": {
        "user": 22,
        "token": "4996ec74-6669-417a-b89b-17b898ad0205",
        "created": "2023-03-22T16:13:21.369Z",
        "expire": "2023-03-23T04:13:21.368Z"
    }
},
{
    "model": "users.activationtoken",
    "pk": 15,
    "fields": {
        "user": 23,
        "token": "d151574a-1f09-4945-a130-950ad41308db",
        "created": "2023-03-22T16:15:30.477Z",
        "expire": "2023-03-23T04:15:30.477Z"
    }
},
{
    "model": "users.activationtoken",
    "pk": 16,
    "fields": {
        "user": 24,
        "token": "dcac503a-7cdc-448b-8e90-1f3b3a6bbeb5",
        "created": "2023-03-22T16:33:04.218Z",
        "expire": "2023-03-23T04:33:04.218Z"
    }
},
{
    "model": "users.activationtoken",
    "pk": 17,
    "fields": {
        "user": 25,
        "token": "a3b9421c-7cdc-4a18-8576-9e31f141b09e",
        "created": "2023-03-22T16:37:39.512Z",
        "expire": "2023-03-23T04:37:39.512Z"
    }
},
{
    "model": "users.activationtoken",
    "pk": 18,
    "fields": {
        "user": 26,
        "token": "14a716cb-64b4-4660-8af8-55b3136d7bb5",
        "created": "2023-03-22T16:41:27.961Z",
        "expire": "2023-03-23T04:41:27.960Z"
    }
},
{
    "model": "users.activationtoken",
    "pk": 19,
    "fields": {
        "user": 27,
        "token": "f0bc773b-5b18-4b12-b66b-7fe6bf30f841",
        "created": "2023-03-22T16:43:36.231Z",
        "expire": "2023-03-23T04:43:36.230Z"
    }
},
{
    "model": "users.activationtoken",
    "pk": 20,
    "fields": {
        "user": 29,
        "token": "1e9879bf-7125-44d8-aed7-23a46dd2a60c",
        "created": "2023-03-22T20:20:28.323Z",
        "expire": "2023-03-23T08:20:28.323Z"
    }
},
{
    "model": "users.activationtoken",
    "pk": 21,
    "fields": {
        "user": 30,
        "token": "537fccb0-382a-462d-951a-b4feeb9acf8f",
        "created": "2023-03-22T20:23:11.895Z",
        "expire": "2023-03-23T08:23:11.894Z"
    }
},
{
    "model": "users.activationtoken",
    "pk": 22,
    "fields": {
        "user": 31,
        "token": "476a07ad-9461-4171-b8a4-de2b5ce4f5c7",
        "created": "2023-03-23T14:48:15.900Z",
        "expire": "2023-03-24T02:48:15.900Z"
    }
},
{
    "model": "users.activationtoken",
    "pk": 23,
    "fields": {
        "user": 33,
        "token": "e20e4fc3-0398-4b43-8ee9-7795c922f4dc",
        "created": "2023-03-23T16:26:57.899Z",
        "expire": "2023-03-24T04:26:57.899Z"
    }
},
{
    "model": "users.activationtoken",
    "pk": 24,
    "fields": {
        "user": 34,
        "token": "09f521dc-245b-4cd3-8f44-6b184ba4bbb9",
        "created": "2023-03-23T16:37:39.029Z",
        "expire": "2023-03-24T04:37:39.028Z"
    }
}
]
